user_id;id_p;Quantity;Time stamp;Size;Review Rating;Subscription Status;Shipping Type;Discount Applied;Promo Code Used;Payment Method
3422;4202;18;10/10/2023;L;3.1;Yes;Express;Yes;Yes;Venmo
2915;788;15;11/10/2023;L;3.1;Yes;Express;Yes;Yes;Cash
2295;8626;12;12/10/2023;S;3.1;Yes;Free Shipping;Yes;Yes;Credit Card
13;3425;19;13/10/2023;M;3.5;Yes;Next Day Air;Yes;Yes;PayPal
1277;353;11;14/10/2023;M;2.7;Yes;Free Shipping;Yes;Yes;PayPal
2180;4509;8;15/10/2023;M;2.9;Yes;Standard;Yes;Yes;Venmo
2897;6280;2;16/10/2023;M;3.2;Yes;Free Shipping;Yes;Yes;Cash
417;123;19;17/10/2023;L;3.2;Yes;Free Shipping;Yes;Yes;Credit Card
1831;9960;8;18/10/2023;L;2.6;Yes;Express;Yes;Yes;Venmo
420;2443;16;19/10/2023;M;4.8;Yes;2-Day Shipping;Yes;Yes;Cash
2345;6857;8;20/10/2023;L;4.1;Yes;Store Pickup;Yes;Yes;Bank Transfer
2029;3953;12;21/10/2023;S;4.9;Yes;Store Pickup;Yes;Yes;Bank Transfer
638;4667;4;22/10/2023;M;4.5;Yes;Express;Yes;Yes;Venmo
2088;8269;8;23/10/2023;M;4.7;Yes;Express;Yes;Yes;PayPal
2084;4371;2;24/10/2023;L;4.7;Yes;Free Shipping;Yes;Yes;Debit Card
1559;976;3;25/10/2023;M;2.8;Yes;Store Pickup;Yes;Yes;PayPal
2636;8777;6;26/10/2023;S;4.1;Yes;Next Day Air;Yes;Yes;Debit Card
322;1229;2;27/10/2023;XL;4.7;Yes;2-Day Shipping;Yes;Yes;Venmo
3061;7450;15;28/10/2023;S;4.6;Yes;Free Shipping;Yes;Yes;Cash
1144;4648;3;29/10/2023;M;3.3;Yes;Standard;Yes;Yes;Debit Card
3571;5392;7;30/10/2023;M;2.8;Yes;Express;Yes;Yes;Cash
38;5264;18;31/10/2023;M;4.1;Yes;Store Pickup;Yes;Yes;Debit Card
943;5752;20;01/11/2023;M;3.2;Yes;Store Pickup;Yes;Yes;Debit Card
1557;5432;2;02/11/2023;XL;4.4;Yes;Express;Yes;Yes;Credit Card
1564;1944;13;03/11/2023;M;2.9;Yes;Store Pickup;Yes;Yes;Debit Card
2595;8952;1;04/11/2023;M;3.6;Yes;Express;Yes;Yes;PayPal
1149;7428;7;05/11/2023;M;3.6;Yes;Next Day Air;Yes;Yes;Credit Card
3113;5298;20;06/11/2023;L;5;Yes;Next Day Air;Yes;Yes;Bank Transfer
495;7054;16;07/11/2023;M;4.4;Yes;Free Shipping;Yes;Yes;PayPal
623;5080;12;08/11/2023;S;4.1;Yes;Store Pickup;Yes;Yes;Credit Card
2688;3136;5;09/11/2023;L;4.7;Yes;Standard;Yes;Yes;Credit Card
2647;6164;19;10/11/2023;L;4.7;Yes;Store Pickup;Yes;Yes;Venmo
981;4972;18;11/11/2023;M;4.9;Yes;Free Shipping;Yes;Yes;Venmo
385;5453;3;12/11/2023;L;3.3;Yes;Store Pickup;Yes;Yes;Cash
506;4905;10;13/11/2023;L;4.6;Yes;2-Day Shipping;Yes;Yes;PayPal
3174;9875;5;14/11/2023;M;4;Yes;2-Day Shipping;Yes;Yes;Credit Card
360;8781;11;15/11/2023;M;4.6;Yes;Free Shipping;Yes;Yes;PayPal
2637;7775;2;16/11/2023;S;2.8;Yes;Store Pickup;Yes;Yes;PayPal
383;2204;17;17/11/2023;M;3.7;Yes;2-Day Shipping;Yes;Yes;Venmo
837;2269;9;18/11/2023;S;4.2;Yes;Express;Yes;Yes;Credit Card
1253;9385;5;19/11/2023;L;4.6;Yes;Next Day Air;Yes;Yes;Debit Card
3401;7979;16;20/11/2023;M;4.5;Yes;Standard;Yes;Yes;Venmo
2481;5304;9;21/11/2023;M;4.1;Yes;Free Shipping;Yes;Yes;PayPal
2175;6034;20;22/11/2023;L;3.7;Yes;Store Pickup;Yes;Yes;PayPal
2560;225;4;23/11/2023;S;4.6;Yes;Free Shipping;Yes;Yes;PayPal
3793;9338;16;24/11/2023;XL;2.9;Yes;2-Day Shipping;Yes;Yes;PayPal
2462;9891;11;25/11/2023;L;2.9;Yes;Store Pickup;Yes;Yes;Cash
3766;2907;20;26/11/2023;M;4.5;Yes;Free Shipping;Yes;Yes;Cash
121;2181;1;27/11/2023;M;2.7;Yes;Store Pickup;Yes;Yes;Cash
738;4859;4;28/11/2023;S;4.6;Yes;Next Day Air;Yes;Yes;Debit Card
2461;7551;17;29/11/2023;M;3.7;Yes;Store Pickup;Yes;Yes;Debit Card
700;525;14;30/11/2023;XL;4.7;Yes;2-Day Shipping;Yes;Yes;Credit Card
51;8416;13;01/12/2023;M;2.6;Yes;Free Shipping;Yes;Yes;Credit Card
3338;7585;7;02/12/2023;S;3.9;Yes;Next Day Air;Yes;Yes;Credit Card
2804;1814;14;03/12/2023;M;4.2;Yes;Next Day Air;Yes;Yes;Debit Card
3599;2826;4;04/12/2023;M;3;Yes;2-Day Shipping;Yes;Yes;Credit Card
109;3320;1;05/12/2023;XL;4.7;Yes;Store Pickup;Yes;Yes;Credit Card
1382;2448;1;06/12/2023;M;4.4;Yes;Store Pickup;Yes;Yes;Debit Card
2321;5269;1;07/12/2023;M;4.2;Yes;Free Shipping;Yes;Yes;Venmo
814;5838;14;08/12/2023;L;4.6;Yes;Standard;Yes;Yes;Debit Card
295;424;18;09/12/2023;L;4;Yes;Express;Yes;Yes;Cash
2441;2363;16;10/12/2023;M;4.7;Yes;Store Pickup;Yes;Yes;Credit Card
3088;8178;13;11/12/2023;S;3.8;Yes;Free Shipping;Yes;Yes;Credit Card
2045;4018;17;12/12/2023;L;2.7;Yes;2-Day Shipping;Yes;Yes;Credit Card
1527;2282;8;13/12/2023;S;4.8;Yes;Standard;Yes;Yes;Debit Card
3182;6760;9;14/12/2023;M;4.8;Yes;2-Day Shipping;Yes;Yes;Venmo
2283;414;1;15/12/2023;S;4.7;Yes;2-Day Shipping;Yes;Yes;Venmo
3838;2570;17;16/12/2023;L;4.4;Yes;Store Pickup;Yes;Yes;Debit Card
1594;1494;4;17/12/2023;L;3.9;Yes;Next Day Air;Yes;Yes;Cash
1894;7954;9;18/12/2023;S;4.4;Yes;Express;Yes;Yes;Cash
3602;1226;15;19/12/2023;M;4.2;Yes;Express;Yes;Yes;Debit Card
3427;5465;18;20/12/2023;L;2.9;Yes;Express;Yes;Yes;Bank Transfer
2251;8337;11;21/12/2023;M;2.9;Yes;Store Pickup;Yes;Yes;Bank Transfer
2211;4617;4;22/12/2023;M;2.7;Yes;Free Shipping;Yes;Yes;Bank Transfer
3045;3072;3;23/12/2023;L;4.5;Yes;Express;Yes;Yes;Cash
493;5435;16;24/12/2023;M;2.7;Yes;Free Shipping;Yes;Yes;Credit Card
2163;2771;18;25/12/2023;S;4.2;Yes;Free Shipping;Yes;Yes;Venmo
146;134;9;26/12/2023;L;3.3;Yes;Next Day Air;Yes;Yes;Debit Card
3712;7040;4;27/12/2023;M;4.7;Yes;Free Shipping;Yes;Yes;Venmo
1266;4909;6;28/12/2023;M;2.6;Yes;2-Day Shipping;Yes;Yes;Bank Transfer
2335;1549;1;01/01/2023;XL;3.3;Yes;Store Pickup;Yes;Yes;Credit Card
3455;2859;20;28/12/2022;L;2.6;Yes;Express;Yes;Yes;Credit Card
2425;5078;4;29/12/2022;S;4;Yes;2-Day Shipping;Yes;Yes;Credit Card
1988;3887;10;30/12/2022;M;4.1;Yes;Standard;Yes;Yes;Bank Transfer
1945;8683;10;31/12/2022;S;4.4;Yes;Standard;Yes;Yes;Bank Transfer
1364;5664;19;01/01/2023;M;4.5;Yes;Next Day Air;Yes;Yes;Debit Card
2441;3196;14;02/01/2023;L;3.7;Yes;2-Day Shipping;Yes;Yes;Cash
2287;8395;14;03/01/2023;M;3.7;Yes;2-Day Shipping;Yes;Yes;Debit Card
1277;8957;1;04/01/2023;M;3.5;Yes;Free Shipping;Yes;Yes;Credit Card
3038;2258;15;05/01/2023;XL;3.6;Yes;Next Day Air;Yes;Yes;Cash
2022;6339;14;06/01/2023;L;2.9;Yes;Express;Yes;Yes;Credit Card
2820;5763;17;07/01/2023;S;4.6;Yes;Standard;Yes;Yes;Credit Card
3198;7459;17;08/01/2023;M;4.4;Yes;2-Day Shipping;Yes;Yes;Venmo
2194;5071;2;09/01/2023;M;4.5;Yes;Standard;Yes;Yes;Credit Card
1284;6290;10;10/01/2023;S;4.6;Yes;Free Shipping;Yes;Yes;Credit Card
1139;4555;12;11/01/2023;L;3.8;Yes;Free Shipping;Yes;Yes;PayPal
3829;2394;11;12/01/2023;S;3.6;Yes;Express;Yes;Yes;Venmo
2264;7448;2;13/01/2023;M;4.8;Yes;Store Pickup;Yes;Yes;Cash
1340;4170;1;14/01/2023;XL;2.6;Yes;Next Day Air;Yes;Yes;Bank Transfer
1504;644;14;15/01/2023;XL;3.7;Yes;Express;Yes;Yes;Debit Card
484;2677;16;16/01/2023;M;2.7;Yes;Express;Yes;Yes;Cash
342;6983;7;17/01/2023;XL;4.6;Yes;Express;Yes;Yes;Credit Card
346;5721;1;18/01/2023;L;4.8;Yes;Next Day Air;Yes;Yes;Credit Card
2495;3076;15;19/01/2023;L;4;Yes;Next Day Air;Yes;Yes;Venmo
468;2447;11;20/01/2023;L;4.4;Yes;2-Day Shipping;Yes;Yes;PayPal
2;7612;7;21/01/2023;M;3.6;Yes;Next Day Air;Yes;Yes;Bank Transfer
1746;1548;20;22/01/2023;L;3.7;Yes;Standard;Yes;Yes;Credit Card
2311;860;17;23/01/2023;L;3.1;Yes;Next Day Air;Yes;Yes;PayPal
1074;1494;15;24/01/2023;L;3.4;Yes;Next Day Air;Yes;Yes;Bank Transfer
1614;9108;11;10/10/2023;M;2.6;Yes;Next Day Air;Yes;Yes;Bank Transfer
476;776;10;11/10/2023;M;4;Yes;Standard;Yes;Yes;Venmo
1262;6710;9;12/10/2023;L;5;Yes;Free Shipping;Yes;Yes;Credit Card
759;5261;14;13/10/2023;M;4.3;Yes;Free Shipping;Yes;Yes;PayPal
2494;7789;10;14/10/2023;L;3.1;Yes;Next Day Air;Yes;Yes;PayPal
1287;7047;2;15/10/2023;S;3.7;Yes;Store Pickup;Yes;Yes;Cash
3550;10001;11;16/10/2023;M;3.8;Yes;Standard;Yes;Yes;Debit Card
751;6050;1;17/10/2023;S;3.4;Yes;Free Shipping;Yes;Yes;Venmo
1368;4549;14;18/10/2023;L;4.6;Yes;Express;Yes;Yes;Cash
94;9428;13;19/10/2023;L;4.8;Yes;2-Day Shipping;Yes;Yes;Cash
3795;4581;7;20/10/2023;M;4.3;Yes;Express;Yes;Yes;Cash
357;5475;2;21/10/2023;L;4;Yes;Express;Yes;Yes;Bank Transfer
297;521;3;22/10/2023;M;4.2;Yes;Standard;Yes;Yes;Cash
171;9087;5;23/10/2023;L;4.8;Yes;2-Day Shipping;Yes;Yes;Cash
3449;3188;8;24/10/2023;L;3.1;Yes;Free Shipping;Yes;Yes;Cash
2038;2963;18;25/10/2023;M;3.1;Yes;Next Day Air;Yes;Yes;PayPal
3033;8295;15;26/10/2023;M;3.6;Yes;Next Day Air;Yes;Yes;Venmo
3588;2248;8;27/10/2023;L;3.9;Yes;Store Pickup;Yes;Yes;Cash
343;1081;15;28/10/2023;M;4.8;Yes;Next Day Air;Yes;Yes;Credit Card
1866;3085;3;29/10/2023;M;4.7;Yes;Standard;Yes;Yes;Credit Card
192;6056;10;30/10/2023;XL;4.2;Yes;2-Day Shipping;Yes;Yes;PayPal
31;5210;8;31/10/2023;L;3.7;Yes;Next Day Air;Yes;Yes;PayPal
3760;3724;7;01/11/2023;L;3.9;Yes;Standard;Yes;Yes;Credit Card
2724;6764;4;02/11/2023;M;4.7;Yes;2-Day Shipping;Yes;Yes;PayPal
1518;1243;9;03/11/2023;M;2.5;Yes;Next Day Air;Yes;Yes;Venmo
3557;7412;11;04/11/2023;L;4.9;Yes;Store Pickup;Yes;Yes;Cash
1166;593;8;05/11/2023;M;4.1;Yes;Express;Yes;Yes;PayPal
111;3991;15;06/11/2023;M;3.3;Yes;Free Shipping;Yes;Yes;Debit Card
3219;8795;5;07/11/2023;M;4.7;Yes;Free Shipping;Yes;Yes;PayPal
2680;2949;3;08/11/2023;M;4.4;Yes;Store Pickup;Yes;Yes;Bank Transfer
1807;9055;17;09/11/2023;M;3.8;Yes;Store Pickup;Yes;Yes;Venmo
1812;1738;10;10/11/2023;L;3.9;Yes;2-Day Shipping;Yes;Yes;Credit Card
925;8313;8;11/11/2023;M;4.9;Yes;Free Shipping;Yes;Yes;PayPal
232;4768;9;12/11/2023;L;3.1;Yes;Free Shipping;Yes;Yes;Credit Card
569;8454;10;13/11/2023;M;2.7;Yes;Store Pickup;Yes;Yes;PayPal
1310;7085;7;14/11/2023;M;3.2;Yes;Express;Yes;Yes;Cash
2168;3345;4;15/11/2023;M;4.5;Yes;Standard;Yes;Yes;Debit Card
887;6574;4;16/11/2023;S;4;Yes;Standard;Yes;Yes;Venmo
2241;5101;9;17/11/2023;M;3.5;Yes;2-Day Shipping;Yes;Yes;Bank Transfer
3694;2412;11;18/11/2023;M;2.6;Yes;Store Pickup;Yes;Yes;Debit Card
8;68;6;19/11/2023;M;3.2;Yes;Free Shipping;Yes;Yes;PayPal
1086;6908;20;20/11/2023;L;4.9;Yes;Standard;Yes;Yes;Debit Card
2705;1093;7;21/11/2023;L;4.5;Yes;Next Day Air;Yes;Yes;Venmo
1098;8757;7;22/11/2023;S;4.3;Yes;Express;Yes;Yes;Venmo
1945;8110;2;23/11/2023;M;3.2;Yes;Standard;Yes;Yes;Debit Card
905;5007;4;24/11/2023;M;3.6;Yes;Next Day Air;Yes;Yes;Venmo
3064;4262;7;25/11/2023;S;4.3;Yes;Free Shipping;Yes;Yes;Bank Transfer
3528;5646;20;26/11/2023;M;4;Yes;Standard;Yes;Yes;Debit Card
2685;7351;12;27/11/2023;S;3;Yes;Next Day Air;Yes;Yes;Bank Transfer
1338;4433;8;28/11/2023;XL;4.1;Yes;Standard;Yes;Yes;Bank Transfer
1599;1047;15;29/11/2023;M;3.8;Yes;Store Pickup;Yes;Yes;Bank Transfer
3670;2138;18;30/11/2023;M;4.6;Yes;Free Shipping;Yes;Yes;Venmo
3800;8710;15;01/12/2023;M;3;Yes;Express;Yes;Yes;Venmo
3897;6265;9;02/12/2023;M;3;Yes;Store Pickup;Yes;Yes;PayPal
1675;9517;19;03/12/2023;M;3.4;Yes;Standard;Yes;Yes;Debit Card
3446;912;11;04/12/2023;S;2.6;Yes;Free Shipping;Yes;Yes;Credit Card
1142;7807;19;05/12/2023;S;2.8;Yes;Store Pickup;Yes;Yes;Cash
822;4856;12;06/12/2023;XL;4;Yes;Store Pickup;Yes;Yes;Cash
3884;725;13;07/12/2023;M;4;Yes;Express;Yes;Yes;Credit Card
3697;2355;14;08/12/2023;M;3;Yes;Express;Yes;Yes;Cash
227;9238;9;09/12/2023;S;3.3;Yes;Standard;Yes;Yes;PayPal
1572;8259;18;10/12/2023;M;2.6;Yes;Store Pickup;Yes;Yes;Venmo
3565;3598;18;11/12/2023;M;3.6;Yes;Store Pickup;Yes;Yes;Credit Card
3346;7988;12;12/12/2023;M;3.9;Yes;Next Day Air;Yes;Yes;Credit Card
1193;9586;17;13/12/2023;M;3.4;Yes;Standard;Yes;Yes;Cash
3647;9636;15;14/12/2023;L;3.5;Yes;Express;Yes;Yes;Venmo
3044;4763;12;15/12/2023;L;2.8;Yes;Next Day Air;Yes;Yes;Bank Transfer
2232;4921;13;16/12/2023;L;2.7;Yes;Next Day Air;Yes;Yes;Credit Card
2105;1463;10;17/12/2023;L;3.7;Yes;Next Day Air;Yes;Yes;Bank Transfer
706;7841;14;18/12/2023;L;4.3;Yes;2-Day Shipping;Yes;Yes;PayPal
3235;5988;11;19/12/2023;M;4.9;Yes;Store Pickup;Yes;Yes;Bank Transfer
462;4776;11;20/12/2023;L;3.3;Yes;Store Pickup;Yes;Yes;Debit Card
1558;7889;19;21/12/2023;M;4.7;Yes;Next Day Air;Yes;Yes;Bank Transfer
2575;8914;14;22/12/2023;XL;2.8;Yes;Store Pickup;Yes;Yes;Debit Card
732;7828;19;23/12/2023;XL;3.6;Yes;2-Day Shipping;Yes;Yes;Credit Card
3524;5333;17;24/12/2023;L;3;Yes;Express;Yes;Yes;Cash
3848;5567;10;25/12/2023;XL;4.5;Yes;Store Pickup;Yes;Yes;Bank Transfer
1709;7617;13;26/12/2023;S;2.9;Yes;Standard;Yes;Yes;Debit Card
621;8686;18;27/12/2023;S;3.3;Yes;Store Pickup;Yes;Yes;Bank Transfer
3280;9485;7;28/12/2023;M;3.1;Yes;Express;Yes;Yes;Bank Transfer
475;7109;14;01/01/2023;M;4.4;Yes;Next Day Air;Yes;Yes;Credit Card
2252;416;7;28/12/2022;XL;3;Yes;Free Shipping;Yes;Yes;Venmo
1589;5517;14;29/12/2022;M;3.9;Yes;Free Shipping;Yes;Yes;Cash
2199;8732;15;30/12/2022;L;2.9;Yes;Express;Yes;Yes;PayPal
76;8096;11;31/12/2022;S;3;Yes;Standard;Yes;Yes;Venmo
3484;9361;4;01/01/2023;M;3.1;Yes;Express;Yes;Yes;Debit Card
2867;8395;13;02/01/2023;M;4.3;Yes;Free Shipping;Yes;Yes;Credit Card
1397;2163;4;03/01/2023;M;3.9;Yes;Next Day Air;Yes;Yes;Credit Card
2026;8457;4;04/01/2023;M;3.2;Yes;2-Day Shipping;Yes;Yes;Credit Card
1553;8418;18;05/01/2023;M;4.8;Yes;Standard;Yes;Yes;Credit Card
1251;7925;6;06/01/2023;XL;3.8;Yes;Express;Yes;Yes;Cash
1376;2312;13;07/01/2023;S;3.3;Yes;Next Day Air;Yes;Yes;Venmo
3190;8026;6;08/01/2023;S;4.3;Yes;Free Shipping;Yes;Yes;Bank Transfer
1511;558;19;09/01/2023;L;2.7;Yes;Express;Yes;Yes;Venmo
2674;6057;6;10/01/2023;S;3.2;Yes;Next Day Air;Yes;Yes;Bank Transfer
479;8066;14;11/01/2023;M;4;Yes;Store Pickup;Yes;Yes;Cash
3388;486;17;12/01/2023;M;3;Yes;Standard;Yes;Yes;PayPal
1705;8997;10;13/01/2023;L;4.2;Yes;Free Shipping;Yes;Yes;Venmo
291;3989;17;14/01/2023;M;2.9;Yes;Express;Yes;Yes;Bank Transfer
1780;514;6;15/01/2023;M;4.1;Yes;Store Pickup;Yes;Yes;Credit Card
2450;6313;5;16/01/2023;S;3.2;Yes;Store Pickup;Yes;Yes;Cash
594;5148;1;17/01/2023;L;3;Yes;2-Day Shipping;Yes;Yes;PayPal
2337;8756;13;18/01/2023;L;4.2;Yes;2-Day Shipping;Yes;Yes;Debit Card
3663;783;7;19/01/2023;L;4.2;Yes;Express;Yes;Yes;Debit Card
795;691;10;20/01/2023;L;4.4;Yes;Store Pickup;Yes;Yes;Debit Card
1376;760;11;21/01/2023;L;4.2;Yes;Next Day Air;Yes;Yes;Cash
2328;1591;19;22/01/2023;S;2.8;Yes;2-Day Shipping;Yes;Yes;PayPal
1291;1067;15;23/01/2023;L;3.7;Yes;Free Shipping;Yes;Yes;Venmo
1299;9432;12;24/01/2023;M;3.5;Yes;Next Day Air;Yes;Yes;Bank Transfer
3425;3467;14;25/01/2023;S;2.9;Yes;Store Pickup;Yes;Yes;Credit Card
984;8822;4;26/01/2023;M;3;Yes;Free Shipping;Yes;Yes;Cash
806;7121;1;27/01/2023;S;3.7;Yes;Express;Yes;Yes;Debit Card
384;6421;9;28/01/2023;XL;4.4;Yes;Store Pickup;Yes;Yes;Bank Transfer
2483;26;3;29/01/2023;XL;4.5;Yes;2-Day Shipping;Yes;Yes;PayPal
3569;4999;11;30/01/2023;M;4.8;Yes;Free Shipping;Yes;Yes;PayPal
866;4100;13;31/01/2023;S;2.9;Yes;Free Shipping;Yes;Yes;Cash
2242;8133;6;01/02/2023;M;3.2;Yes;Next Day Air;Yes;Yes;Bank Transfer
1608;7322;16;02/02/2023;L;3.3;Yes;Free Shipping;Yes;Yes;PayPal
2633;8897;15;03/02/2023;M;4.2;Yes;Standard;Yes;Yes;Venmo
3261;3884;17;04/02/2023;M;2.9;Yes;Store Pickup;Yes;Yes;Credit Card
1123;7498;10;05/02/2023;S;4.6;Yes;Next Day Air;Yes;Yes;PayPal
3105;1936;8;06/02/2023;L;4.1;Yes;Standard;Yes;Yes;Credit Card
2693;5507;13;07/02/2023;M;3.1;Yes;2-Day Shipping;Yes;Yes;Debit Card
930;1127;3;08/02/2023;L;4.2;Yes;Express;Yes;Yes;Bank Transfer
1194;1449;3;09/02/2023;XL;4.5;Yes;Next Day Air;Yes;Yes;Bank Transfer
1295;382;4;10/02/2023;S;3.7;Yes;Next Day Air;Yes;Yes;Credit Card
1077;7675;4;11/02/2023;M;3.7;Yes;Free Shipping;Yes;Yes;Debit Card
2496;3844;5;12/02/2023;L;3.4;Yes;Next Day Air;Yes;Yes;PayPal
559;5337;15;13/02/2023;M;3;Yes;Store Pickup;Yes;Yes;Debit Card
756;383;17;14/02/2023;M;4.2;Yes;Free Shipping;Yes;Yes;Cash
131;1994;6;15/02/2023;L;2.9;Yes;Express;Yes;Yes;Credit Card
3538;6440;9;16/02/2023;XL;3.5;Yes;Free Shipping;Yes;Yes;Bank Transfer
246;8403;2;17/02/2023;M;4.1;Yes;Free Shipping;Yes;Yes;Venmo
3218;6787;14;18/02/2023;L;4.3;Yes;Store Pickup;Yes;Yes;Debit Card
2387;7755;8;19/02/2023;M;2.8;Yes;2-Day Shipping;Yes;Yes;Debit Card
2278;4026;6;20/02/2023;S;4.9;Yes;2-Day Shipping;Yes;Yes;PayPal
699;98;20;21/02/2023;L;3.3;Yes;Next Day Air;Yes;Yes;Venmo
901;9972;1;22/02/2023;XL;3.2;Yes;Express;Yes;Yes;Venmo
620;9411;7;23/02/2023;XL;4.4;Yes;Standard;Yes;Yes;Debit Card
135;3922;10;24/02/2023;M;4.8;Yes;Express;Yes;Yes;PayPal
1935;8063;11;25/02/2023;S;4.2;Yes;Standard;Yes;Yes;Credit Card
254;7804;13;26/02/2023;L;4;Yes;Express;Yes;Yes;Bank Transfer
1955;9350;14;27/02/2023;XL;2.5;Yes;Standard;Yes;Yes;PayPal
388;5235;5;28/02/2023;M;3.9;Yes;Free Shipping;Yes;Yes;Venmo
412;583;9;01/03/2023;L;4.9;Yes;2-Day Shipping;Yes;Yes;Bank Transfer
3707;1746;11;02/03/2023;M;3.5;Yes;Store Pickup;Yes;Yes;PayPal
1706;1377;3;03/03/2023;M;4.2;Yes;Free Shipping;Yes;Yes;Debit Card
1747;1892;10;04/03/2023;XL;4.7;Yes;Express;Yes;Yes;Credit Card
1792;3868;7;05/03/2023;M;4.5;Yes;Express;Yes;Yes;Credit Card
2322;2912;20;06/03/2023;S;2.8;Yes;Express;Yes;Yes;Cash
287;4827;18;07/03/2023;M;2.9;Yes;Standard;Yes;Yes;Debit Card
3019;5145;20;08/03/2023;S;3.2;Yes;2-Day Shipping;Yes;Yes;Credit Card
519;617;7;09/03/2023;L;4.9;Yes;Standard;Yes;Yes;Credit Card
1167;6190;5;10/03/2023;M;3.7;Yes;Next Day Air;Yes;Yes;Debit Card
492;4941;17;11/03/2023;M;4.3;Yes;Store Pickup;Yes;Yes;Venmo
1390;865;7;12/03/2023;S;3.9;Yes;Store Pickup;Yes;Yes;Cash
1082;2795;13;13/03/2023;M;3.2;Yes;2-Day Shipping;Yes;Yes;Bank Transfer
3489;5304;6;14/03/2023;L;3.1;Yes;Express;Yes;Yes;Credit Card
1652;9565;14;15/03/2023;M;3.9;Yes;2-Day Shipping;Yes;Yes;Venmo
2763;4926;2;16/03/2023;M;2.6;Yes;Store Pickup;Yes;Yes;Cash
1140;8404;19;17/03/2023;M;3.3;Yes;Next Day Air;Yes;Yes;Cash
3779;2080;20;18/03/2023;XL;4.6;Yes;Free Shipping;Yes;Yes;Bank Transfer
3146;3148;10;19/03/2023;XL;4.6;Yes;Express;Yes;Yes;Credit Card
3866;565;7;20/03/2023;M;4.4;Yes;2-Day Shipping;Yes;Yes;Debit Card
2560;9191;1;21/03/2023;S;4.2;Yes;Express;Yes;Yes;Debit Card
2549;4360;13;22/03/2023;M;3;Yes;Express;Yes;Yes;Cash
871;1421;7;23/03/2023;XL;4;Yes;Express;Yes;Yes;Credit Card
3414;5961;9;24/03/2023;XL;3.5;Yes;Express;Yes;Yes;Bank Transfer
370;2288;14;25/03/2023;M;3;Yes;Store Pickup;Yes;Yes;Bank Transfer
162;2940;5;26/03/2023;M;3.7;Yes;Express;Yes;Yes;Debit Card
1047;4009;11;27/03/2023;L;4;Yes;Standard;Yes;Yes;Bank Transfer
693;2269;9;28/03/2023;S;4.2;Yes;2-Day Shipping;Yes;Yes;Cash
2225;176;8;29/03/2023;XL;2.5;Yes;Standard;Yes;Yes;Debit Card
2014;7405;15;30/03/2023;M;3;Yes;2-Day Shipping;Yes;Yes;Cash
739;9022;20;31/03/2023;S;3.2;Yes;Next Day Air;Yes;Yes;Venmo
2286;5591;12;01/04/2023;M;3.5;Yes;Standard;Yes;Yes;PayPal
268;8633;17;02/04/2023;XL;4.8;Yes;Express;Yes;Yes;Debit Card
3338;9161;14;03/04/2023;L;2.6;Yes;Store Pickup;Yes;Yes;Debit Card
3843;1591;2;04/04/2023;L;3.4;Yes;2-Day Shipping;Yes;Yes;Venmo
936;1771;18;05/04/2023;M;3.7;Yes;2-Day Shipping;Yes;Yes;Venmo
1062;5734;11;06/04/2023;M;4.5;Yes;2-Day Shipping;Yes;Yes;Credit Card
2837;7589;2;07/04/2023;M;3.7;Yes;Standard;Yes;Yes;PayPal
374;4473;2;08/04/2023;XL;3.3;Yes;Next Day Air;Yes;Yes;Bank Transfer
233;8446;4;09/04/2023;M;4.7;Yes;Free Shipping;Yes;Yes;Cash
1001;7127;8;10/04/2023;M;2.7;Yes;Express;Yes;Yes;PayPal
122;3371;2;11/04/2023;M;4.6;Yes;Store Pickup;Yes;Yes;Credit Card
3540;6485;17;12/04/2023;M;2.7;Yes;Store Pickup;Yes;Yes;Credit Card
3398;2232;9;13/04/2023;S;4.8;Yes;2-Day Shipping;Yes;Yes;Credit Card
2674;1683;11;14/04/2023;XL;4.4;Yes;Standard;Yes;Yes;Credit Card
3250;6118;11;15/04/2023;M;4;Yes;Standard;Yes;Yes;Venmo
3037;184;12;16/04/2023;M;3.2;Yes;Next Day Air;Yes;Yes;PayPal
3145;3490;13;17/04/2023;M;4.4;Yes;Store Pickup;Yes;Yes;PayPal
3884;4625;20;18/04/2023;M;3.8;Yes;Standard;Yes;Yes;Credit Card
1393;8449;7;19/04/2023;L;3.6;Yes;Express;Yes;Yes;Bank Transfer
1203;3082;3;20/04/2023;M;3.3;Yes;Next Day Air;Yes;Yes;Venmo
1359;6762;8;21/04/2023;M;3.4;Yes;Next Day Air;Yes;Yes;Credit Card
2236;4567;13;22/04/2023;M;3.5;Yes;2-Day Shipping;Yes;Yes;PayPal
1164;3861;7;23/04/2023;S;3.6;Yes;Express;Yes;Yes;Cash
2442;9678;2;24/04/2023;M;3.2;Yes;Free Shipping;Yes;Yes;Credit Card
3536;4161;8;25/04/2023;M;3.7;Yes;Standard;Yes;Yes;Venmo
1616;7725;9;26/04/2023;M;4.5;Yes;Standard;Yes;Yes;Cash
1518;2594;19;27/04/2023;M;4.6;Yes;Standard;Yes;Yes;Cash
848;1961;17;28/04/2023;L;4.1;Yes;Store Pickup;Yes;Yes;Bank Transfer
2542;4994;16;29/04/2023;L;3.4;Yes;Next Day Air;Yes;Yes;PayPal
531;4874;6;30/04/2023;M;3.7;Yes;Express;Yes;Yes;Credit Card
423;9393;13;01/05/2023;M;3.3;Yes;Store Pickup;Yes;Yes;Debit Card
2072;8207;11;02/05/2023;XL;4.5;Yes;Express;Yes;Yes;Debit Card
2650;9435;12;03/05/2023;M;3.3;Yes;Free Shipping;Yes;Yes;Venmo
3235;7092;6;04/05/2023;L;4.3;Yes;Standard;Yes;Yes;Cash
3440;3596;20;05/05/2023;M;2.5;Yes;Standard;Yes;Yes;Cash
1894;9814;4;06/05/2023;XL;2.6;Yes;Standard;Yes;Yes;Cash
1092;9842;14;07/05/2023;L;4.9;Yes;Standard;Yes;Yes;Debit Card
422;5307;2;08/05/2023;L;4.7;Yes;Free Shipping;Yes;Yes;Debit Card
1563;1358;18;09/05/2023;S;3;Yes;Standard;Yes;Yes;Credit Card
3718;1614;20;10/05/2023;M;3.5;Yes;Next Day Air;Yes;Yes;PayPal
2859;3556;6;11/05/2023;M;4.8;Yes;Standard;Yes;Yes;Venmo
1316;1635;20;12/05/2023;M;4.3;Yes;Free Shipping;Yes;Yes;Debit Card
2232;3570;7;13/05/2023;M;3.2;Yes;Store Pickup;Yes;Yes;Bank Transfer
1634;4537;19;14/05/2023;M;3.1;Yes;Free Shipping;Yes;Yes;PayPal
2772;6520;14;15/05/2023;M;2.8;Yes;Free Shipping;Yes;Yes;Credit Card
968;5948;13;16/05/2023;S;2.9;Yes;2-Day Shipping;Yes;Yes;Bank Transfer
1103;7927;4;17/05/2023;M;3.7;Yes;Express;Yes;Yes;Venmo
2138;242;12;18/05/2023;L;3.3;Yes;Store Pickup;Yes;Yes;PayPal
1035;9504;15;19/05/2023;M;2.8;Yes;2-Day Shipping;Yes;Yes;Credit Card
134;1737;7;20/05/2023;M;4.5;Yes;Standard;Yes;Yes;Bank Transfer
1849;5998;13;21/05/2023;M;2.6;Yes;Next Day Air;Yes;Yes;Credit Card
1780;5476;12;22/05/2023;L;3.7;Yes;Standard;Yes;Yes;Venmo
3163;8801;3;23/05/2023;S;4.4;Yes;Express;Yes;Yes;PayPal
1837;5793;18;24/05/2023;M;4.3;Yes;2-Day Shipping;Yes;Yes;Bank Transfer
1385;6141;12;25/05/2023;M;3.5;Yes;Express;Yes;Yes;Cash
895;1329;8;26/05/2023;M;3.8;Yes;2-Day Shipping;Yes;Yes;Credit Card
696;152;12;27/05/2023;L;3.5;Yes;Express;Yes;Yes;Venmo
3781;6587;5;28/05/2023;S;4.6;Yes;Store Pickup;Yes;Yes;Debit Card
2168;9077;16;29/05/2023;M;2.6;Yes;Next Day Air;Yes;Yes;Credit Card
2019;3733;15;30/05/2023;M;4.4;Yes;Next Day Air;Yes;Yes;Venmo
1967;8180;17;31/05/2023;M;4;Yes;Standard;Yes;Yes;Debit Card
3613;8337;19;01/06/2023;S;4.4;Yes;Next Day Air;Yes;Yes;Bank Transfer
2735;3878;6;02/06/2023;L;4.7;Yes;Next Day Air;Yes;Yes;Cash
585;5928;3;03/06/2023;L;3.9;Yes;Store Pickup;Yes;Yes;PayPal
454;9117;19;04/06/2023;M;2.7;Yes;Free Shipping;Yes;Yes;PayPal
755;5526;5;05/06/2023;M;3.7;Yes;2-Day Shipping;Yes;Yes;Bank Transfer
2420;4849;2;06/06/2023;M;2.6;Yes;2-Day Shipping;Yes;Yes;Bank Transfer
2521;4408;10;07/06/2023;M;3.9;Yes;Standard;Yes;Yes;Debit Card
3003;9757;13;08/06/2023;XL;4.9;Yes;Next Day Air;Yes;Yes;Cash
3492;9916;6;09/06/2023;L;4.1;Yes;Store Pickup;Yes;Yes;Debit Card
1041;2514;3;10/06/2023;S;3;Yes;Free Shipping;Yes;Yes;Venmo
2973;244;2;11/06/2023;XL;4.1;Yes;2-Day Shipping;Yes;Yes;PayPal
3897;2231;4;12/06/2023;L;3.8;Yes;Standard;Yes;Yes;Cash
2919;7535;1;13/06/2023;M;4;Yes;Standard;Yes;Yes;Credit Card
74;3754;18;14/06/2023;XL;3.6;Yes;Express;Yes;Yes;Credit Card
2647;7723;3;15/06/2023;M;3;Yes;Store Pickup;Yes;Yes;Credit Card
2972;2601;8;16/06/2023;M;3;Yes;Standard;Yes;Yes;Debit Card
552;983;10;17/06/2023;M;2.6;Yes;Free Shipping;Yes;Yes;Cash
113;3790;15;18/06/2023;M;3.4;Yes;Free Shipping;Yes;Yes;Venmo
2239;702;16;19/06/2023;L;3.1;Yes;Free Shipping;Yes;Yes;Bank Transfer
2588;1972;16;20/06/2023;L;3;Yes;Free Shipping;Yes;Yes;Venmo
1314;2581;15;21/06/2023;XL;3.7;Yes;Standard;Yes;Yes;PayPal
3019;5254;13;22/06/2023;M;3.5;Yes;Store Pickup;Yes;Yes;Venmo
1570;2251;17;23/06/2023;XL;2.8;Yes;Store Pickup;Yes;Yes;Bank Transfer
3821;8861;10;24/06/2023;M;4.5;Yes;Standard;Yes;Yes;Cash
3010;2015;9;25/06/2023;M;3.3;Yes;Store Pickup;Yes;Yes;PayPal
753;3440;3;26/06/2023;M;3.4;Yes;Express;Yes;Yes;PayPal
2148;1068;18;27/06/2023;S;3.2;Yes;2-Day Shipping;Yes;Yes;PayPal
1156;8967;3;28/06/2023;L;3.7;Yes;Standard;Yes;Yes;Debit Card
3077;1083;8;29/06/2023;L;4.6;Yes;Express;Yes;Yes;Venmo
2405;8829;4;30/06/2023;S;5;Yes;Store Pickup;Yes;Yes;Bank Transfer
1212;7068;12;01/07/2023;M;4.4;Yes;Standard;Yes;Yes;Debit Card
3498;8573;2;02/07/2023;S;4.9;Yes;Express;Yes;Yes;Venmo
1721;6345;4;03/07/2023;M;4.1;Yes;Standard;Yes;Yes;Credit Card
1423;9214;19;04/07/2023;L;4.9;Yes;Next Day Air;Yes;Yes;Credit Card
1598;4967;19;05/07/2023;S;4.7;Yes;2-Day Shipping;Yes;Yes;Debit Card
3697;8476;10;06/07/2023;XL;3;Yes;Store Pickup;Yes;Yes;Bank Transfer
3636;1848;3;07/07/2023;L;3.4;Yes;Store Pickup;Yes;Yes;Credit Card
1621;2781;9;08/07/2023;M;3.2;Yes;Store Pickup;Yes;Yes;PayPal
2641;4776;3;09/07/2023;S;2.9;Yes;Standard;Yes;Yes;PayPal
2670;4132;17;10/07/2023;M;4.5;Yes;2-Day Shipping;Yes;Yes;Venmo
603;7183;13;11/07/2023;S;2.7;Yes;Next Day Air;Yes;Yes;Credit Card
2887;7745;6;12/07/2023;L;3.4;Yes;Express;Yes;Yes;PayPal
3706;9601;3;13/07/2023;L;4.6;Yes;Store Pickup;Yes;Yes;PayPal
1378;3487;4;14/07/2023;M;2.7;Yes;Store Pickup;Yes;Yes;PayPal
957;1125;11;15/07/2023;L;4.2;Yes;Standard;Yes;Yes;Bank Transfer
3344;3305;18;16/07/2023;M;3.2;Yes;2-Day Shipping;Yes;Yes;PayPal
1623;7982;8;17/07/2023;L;4.8;Yes;Standard;Yes;Yes;Cash
104;5427;7;18/07/2023;XL;3.3;Yes;Next Day Air;Yes;Yes;Credit Card
3060;8148;2;19/07/2023;L;4.2;Yes;Standard;Yes;Yes;PayPal
1744;1809;8;20/07/2023;M;4.8;Yes;Store Pickup;Yes;Yes;Debit Card
2041;456;20;21/07/2023;L;4.9;Yes;Store Pickup;Yes;Yes;PayPal
3542;8443;12;22/07/2023;S;3.9;Yes;Standard;Yes;Yes;Bank Transfer
2274;66;2;23/07/2023;M;3;Yes;Free Shipping;Yes;Yes;Cash
1972;2763;17;24/07/2023;S;4.6;Yes;Free Shipping;Yes;Yes;Debit Card
910;8402;4;25/07/2023;L;3.5;Yes;2-Day Shipping;Yes;Yes;Debit Card
2556;1568;14;26/07/2023;M;4.8;Yes;Free Shipping;Yes;Yes;PayPal
465;3696;12;27/07/2023;L;4.8;Yes;Standard;Yes;Yes;Cash
2758;440;10;28/07/2023;L;3;Yes;Express;Yes;Yes;PayPal
903;4912;19;29/07/2023;M;4.5;Yes;Next Day Air;Yes;Yes;Bank Transfer
2017;6920;12;30/07/2023;M;4.8;Yes;Store Pickup;Yes;Yes;Credit Card
3631;9331;3;31/07/2023;S;3.8;Yes;Standard;Yes;Yes;Cash
3232;9037;2;01/08/2023;M;4.6;Yes;Express;Yes;Yes;Cash
2869;7453;14;02/08/2023;XL;3.1;Yes;Next Day Air;Yes;Yes;Credit Card
2801;8697;7;03/08/2023;L;3.4;Yes;Express;Yes;Yes;Cash
1993;4536;16;04/08/2023;M;3.3;Yes;2-Day Shipping;Yes;Yes;Bank Transfer
958;1183;12;05/08/2023;L;4.8;Yes;2-Day Shipping;Yes;Yes;Credit Card
2729;188;14;06/08/2023;M;2.8;Yes;Express;Yes;Yes;PayPal
3477;5582;2;07/08/2023;M;3.1;Yes;Store Pickup;Yes;Yes;Bank Transfer
2039;200;1;08/08/2023;S;4.6;Yes;Free Shipping;Yes;Yes;Cash
590;679;9;09/08/2023;L;2.6;Yes;Store Pickup;Yes;Yes;Debit Card
2657;167;17;10/08/2023;M;2.6;Yes;Express;Yes;Yes;Bank Transfer
1691;3218;1;11/08/2023;L;3.8;Yes;Free Shipping;Yes;Yes;Bank Transfer
2917;5832;10;12/08/2023;L;4.5;Yes;Free Shipping;Yes;Yes;Debit Card
1248;7728;7;13/08/2023;L;3;Yes;Standard;Yes;Yes;Venmo
2438;1226;10;14/08/2023;S;3.5;Yes;Free Shipping;Yes;Yes;Credit Card
2313;9251;1;15/08/2023;S;3.8;Yes;Free Shipping;Yes;Yes;Debit Card
2352;6356;11;16/08/2023;M;3.5;Yes;Standard;Yes;Yes;Cash
1934;5249;11;17/08/2023;M;3.1;Yes;Store Pickup;Yes;Yes;Debit Card
890;8795;6;18/08/2023;L;3;Yes;Store Pickup;Yes;Yes;Credit Card
2879;3482;11;19/08/2023;M;4.3;Yes;Standard;Yes;Yes;PayPal
2744;2426;1;20/08/2023;S;3.3;Yes;Store Pickup;Yes;Yes;Credit Card
605;9813;20;21/08/2023;M;4.7;Yes;Express;Yes;Yes;Credit Card
2218;3587;11;22/08/2023;L;4.5;Yes;Store Pickup;Yes;Yes;Credit Card
470;4733;13;23/08/2023;XL;2.9;Yes;Free Shipping;Yes;Yes;Debit Card
1703;7998;1;24/08/2023;M;4.1;Yes;2-Day Shipping;Yes;Yes;Cash
1864;9324;6;25/08/2023;M;3.5;Yes;Store Pickup;Yes;Yes;Debit Card
2536;7659;11;26/08/2023;L;3.4;Yes;Store Pickup;Yes;Yes;Cash
1394;803;4;27/08/2023;S;3.3;Yes;Free Shipping;Yes;Yes;Venmo
2484;4849;5;28/08/2023;M;3.2;Yes;Store Pickup;Yes;Yes;Credit Card
35;6167;4;29/08/2023;L;4;Yes;Store Pickup;Yes;Yes;PayPal
3020;8893;11;30/08/2023;XL;3.6;Yes;Next Day Air;Yes;Yes;Bank Transfer
619;9556;3;31/08/2023;L;4.6;Yes;Free Shipping;Yes;Yes;Bank Transfer
534;4783;4;01/09/2023;M;2.6;Yes;Next Day Air;Yes;Yes;PayPal
942;4256;12;02/09/2023;M;4.3;Yes;Express;Yes;Yes;Credit Card
3733;5757;4;03/09/2023;M;3.4;Yes;Free Shipping;Yes;Yes;Cash
1313;7346;1;04/09/2023;XL;3.5;Yes;Store Pickup;Yes;Yes;Debit Card
762;1021;12;05/09/2023;M;4.2;Yes;Standard;Yes;Yes;Credit Card
3159;2336;9;06/09/2023;M;3.5;Yes;Store Pickup;Yes;Yes;Credit Card
3487;1643;18;07/09/2023;M;3.6;Yes;Free Shipping;Yes;Yes;PayPal
3252;2466;6;08/09/2023;M;4.3;Yes;Store Pickup;Yes;Yes;Debit Card
3201;9303;5;09/09/2023;M;4.9;Yes;Standard;Yes;Yes;Venmo
357;7545;19;10/09/2023;M;4.1;Yes;Store Pickup;Yes;Yes;Venmo
2883;9811;14;11/09/2023;S;3.6;Yes;Standard;Yes;Yes;Bank Transfer
517;1879;18;12/09/2023;M;3.4;Yes;Next Day Air;Yes;Yes;Bank Transfer
2253;4341;3;13/09/2023;L;2.9;Yes;2-Day Shipping;Yes;Yes;Bank Transfer
217;6701;2;14/09/2023;L;2.7;Yes;Store Pickup;Yes;Yes;Credit Card
2579;682;11;15/09/2023;M;4.3;Yes;Express;Yes;Yes;Credit Card
224;6079;10;16/09/2023;M;3.3;Yes;Express;Yes;Yes;PayPal
2485;1967;18;17/09/2023;XL;2.8;Yes;Next Day Air;Yes;Yes;Credit Card
2375;2558;3;18/09/2023;S;3.2;Yes;Next Day Air;Yes;Yes;Cash
2522;7834;14;19/09/2023;XL;3.6;Yes;Store Pickup;Yes;Yes;Debit Card
1372;1380;12;20/09/2023;S;4;Yes;2-Day Shipping;Yes;Yes;Credit Card
1404;3591;2;21/09/2023;M;4.9;Yes;Next Day Air;Yes;Yes;Debit Card
2182;2727;18;22/09/2023;L;4;Yes;2-Day Shipping;Yes;Yes;PayPal
908;4541;3;23/09/2023;L;3.8;Yes;Standard;Yes;Yes;PayPal
1611;5872;14;24/09/2023;L;3.7;Yes;Store Pickup;Yes;Yes;Bank Transfer
2642;9630;16;25/09/2023;M;3.9;Yes;Express;Yes;Yes;Venmo
1235;2972;5;26/09/2023;M;3.3;Yes;Express;Yes;Yes;Venmo
2423;1254;4;27/09/2023;S;2.7;Yes;Standard;Yes;Yes;Venmo
701;4669;6;28/09/2023;M;4.7;Yes;Next Day Air;Yes;Yes;PayPal
2236;3656;12;29/09/2023;M;2.8;Yes;Next Day Air;Yes;Yes;Cash
3593;1565;6;30/09/2023;L;4.6;Yes;Free Shipping;Yes;Yes;PayPal
3089;5698;11;01/10/2023;S;4.5;Yes;2-Day Shipping;Yes;Yes;Debit Card
2310;8897;19;02/10/2023;S;5;Yes;Free Shipping;Yes;Yes;Cash
1353;5126;16;03/10/2023;L;4.1;Yes;2-Day Shipping;Yes;Yes;Debit Card
1794;4314;14;04/10/2023;L;4.6;Yes;Express;Yes;Yes;Cash
3469;4071;20;05/10/2023;XL;4.9;Yes;2-Day Shipping;Yes;Yes;Bank Transfer
647;8110;14;06/10/2023;L;3.9;Yes;Free Shipping;Yes;Yes;Bank Transfer
2684;3720;1;07/10/2023;L;3.9;Yes;Store Pickup;Yes;Yes;PayPal
3183;8268;13;08/10/2023;XL;2.6;Yes;2-Day Shipping;Yes;Yes;Cash
2599;3875;6;10/10/2023;L;2.7;Yes;Free Shipping;Yes;Yes;Debit Card
755;9832;6;11/10/2023;M;3.5;Yes;Free Shipping;Yes;Yes;Debit Card
1188;4825;14;12/10/2023;M;3.7;Yes;Free Shipping;Yes;Yes;Debit Card
2893;9755;13;10/10/2023;XL;3.2;Yes;Free Shipping;Yes;Yes;Venmo
1755;5781;12;11/10/2023;L;3.3;Yes;Store Pickup;Yes;Yes;Venmo
3576;6593;9;12/10/2023;M;4.8;Yes;Standard;Yes;Yes;Debit Card
2037;8897;19;13/10/2023;L;3.2;Yes;2-Day Shipping;Yes;Yes;PayPal
1692;1031;18;14/10/2023;M;2.5;Yes;2-Day Shipping;Yes;Yes;Venmo
2255;2411;16;15/10/2023;M;3.9;Yes;Store Pickup;Yes;Yes;Debit Card
2594;2695;2;16/10/2023;L;4.7;Yes;Free Shipping;Yes;Yes;Bank Transfer
3075;1086;17;17/10/2023;S;2.6;Yes;Next Day Air;Yes;Yes;Debit Card
3058;9458;15;18/10/2023;M;2.8;Yes;Store Pickup;Yes;Yes;Venmo
2986;8980;6;19/10/2023;L;4.4;Yes;Store Pickup;Yes;Yes;Credit Card
972;2536;11;20/10/2023;L;4.6;Yes;Standard;Yes;Yes;Venmo
2140;5572;15;21/10/2023;M;3.2;Yes;Standard;Yes;Yes;PayPal
1503;103;18;22/10/2023;M;4.2;Yes;2-Day Shipping;Yes;Yes;Cash
889;1426;16;23/10/2023;M;3.7;Yes;2-Day Shipping;Yes;Yes;Credit Card
2855;2825;8;24/10/2023;M;3.9;Yes;Standard;Yes;Yes;Debit Card
653;6502;7;25/10/2023;XL;4.7;Yes;Store Pickup;Yes;Yes;Cash
2517;5324;16;26/10/2023;M;4.5;Yes;Express;Yes;Yes;Debit Card
804;3366;4;27/10/2023;XL;3.3;Yes;Free Shipping;Yes;Yes;Debit Card
1211;3343;7;28/10/2023;S;3.3;Yes;Express;Yes;Yes;Venmo
1535;8098;5;29/10/2023;S;4.6;Yes;Free Shipping;Yes;Yes;Cash
2401;1629;13;30/10/2023;M;3.6;Yes;Free Shipping;Yes;Yes;Bank Transfer
557;4547;8;31/10/2023;L;4.8;Yes;Express;Yes;Yes;PayPal
1107;1665;14;01/11/2023;L;4.8;Yes;Next Day Air;Yes;Yes;Venmo
1655;9801;20;02/11/2023;M;2.9;Yes;Next Day Air;Yes;Yes;Venmo
2352;7242;7;03/11/2023;S;2.8;Yes;Express;Yes;Yes;PayPal
844;8297;12;04/11/2023;M;3.2;Yes;Next Day Air;Yes;Yes;Bank Transfer
3622;7789;1;05/11/2023;M;3.9;Yes;Free Shipping;Yes;Yes;PayPal
144;2541;8;06/11/2023;L;4.3;Yes;Express;Yes;Yes;Cash
558;5524;17;07/11/2023;M;2.7;Yes;2-Day Shipping;Yes;Yes;Debit Card
3036;6027;18;08/11/2023;M;5;Yes;Store Pickup;Yes;Yes;Debit Card
2503;466;5;09/11/2023;S;3.7;Yes;Store Pickup;Yes;Yes;PayPal
1716;5884;15;10/11/2023;L;3.9;Yes;Free Shipping;Yes;Yes;Debit Card
3689;2921;13;11/11/2023;M;3.9;Yes;2-Day Shipping;Yes;Yes;Venmo
3592;4309;18;12/11/2023;L;3.1;Yes;Free Shipping;Yes;Yes;PayPal
400;6673;18;13/11/2023;L;3.3;Yes;Next Day Air;Yes;Yes;Bank Transfer
2323;4286;1;14/11/2023;M;3.6;Yes;Store Pickup;Yes;Yes;Venmo
2802;370;7;15/11/2023;S;4.3;Yes;Standard;Yes;Yes;PayPal
395;4803;17;16/11/2023;L;4.5;Yes;Next Day Air;Yes;Yes;Cash
3650;1643;9;17/11/2023;L;2.8;Yes;2-Day Shipping;Yes;Yes;Debit Card
2369;1129;4;18/11/2023;L;2.7;Yes;Free Shipping;Yes;Yes;Cash
989;390;11;19/11/2023;M;2.9;Yes;Next Day Air;Yes;Yes;Venmo
673;2360;5;20/11/2023;L;4.4;Yes;2-Day Shipping;Yes;Yes;Bank Transfer
392;8374;14;21/11/2023;M;3.9;Yes;Free Shipping;Yes;Yes;Debit Card
3771;6123;19;22/11/2023;L;3.5;Yes;Standard;Yes;Yes;Bank Transfer
668;1738;11;23/11/2023;M;2.5;Yes;Store Pickup;Yes;Yes;Cash
3105;2938;7;24/11/2023;M;4.9;Yes;Express;Yes;Yes;PayPal
1288;7643;13;25/11/2023;M;4.8;Yes;Free Shipping;Yes;Yes;PayPal
3825;9595;2;26/11/2023;M;3.2;Yes;Next Day Air;Yes;Yes;Debit Card
2850;33;19;27/11/2023;S;4.9;Yes;Standard;Yes;Yes;Cash
2785;489;4;28/11/2023;L;4.3;Yes;Next Day Air;Yes;Yes;Bank Transfer
2498;6218;5;29/11/2023;S;3.2;Yes;Express;Yes;Yes;Cash
1156;9465;7;30/11/2023;M;3.7;Yes;Standard;Yes;Yes;Credit Card
3002;299;9;01/12/2023;XL;3.2;Yes;Store Pickup;Yes;Yes;Credit Card
2274;4654;7;02/12/2023;L;3.4;Yes;Next Day Air;Yes;Yes;Cash
3844;8801;13;03/12/2023;L;4.1;Yes;Express;Yes;Yes;Bank Transfer
3317;1435;13;04/12/2023;L;4.5;Yes;Next Day Air;Yes;Yes;Debit Card
329;8862;11;05/12/2023;L;4.5;Yes;Next Day Air;Yes;Yes;PayPal
2278;1407;17;06/12/2023;L;3.2;Yes;Free Shipping;Yes;Yes;Bank Transfer
922;2941;3;07/12/2023;S;4.4;Yes;Store Pickup;Yes;Yes;Debit Card
1503;5709;11;08/12/2023;S;3;Yes;Store Pickup;Yes;Yes;Debit Card
1172;9946;7;09/12/2023;XL;3.2;Yes;Free Shipping;Yes;Yes;Cash
1488;1980;7;10/12/2023;M;4;Yes;Store Pickup;Yes;Yes;Debit Card
3426;5290;18;11/12/2023;M;3.1;Yes;Next Day Air;Yes;Yes;Cash
3443;3960;20;12/12/2023;L;2.8;Yes;Next Day Air;Yes;Yes;Cash
913;1416;19;13/12/2023;XL;4.6;Yes;Next Day Air;Yes;Yes;Cash
2119;7378;6;14/12/2023;S;4.3;Yes;Express;Yes;Yes;Credit Card
3233;1664;5;15/12/2023;S;3.3;Yes;Standard;Yes;Yes;Bank Transfer
1958;5882;3;16/12/2023;L;3.5;Yes;2-Day Shipping;Yes;Yes;Debit Card
2485;9839;17;17/12/2023;M;3.4;Yes;Free Shipping;Yes;Yes;Venmo
1509;1429;15;18/12/2023;M;2.8;Yes;Free Shipping;Yes;Yes;Venmo
3504;9321;20;19/12/2023;M;4.6;Yes;Store Pickup;Yes;Yes;Debit Card
102;6366;5;20/12/2023;S;3.6;Yes;Express;Yes;Yes;Venmo
400;1723;9;21/12/2023;M;3.3;Yes;Store Pickup;Yes;Yes;PayPal
543;1060;2;22/12/2023;XL;3.1;Yes;2-Day Shipping;Yes;Yes;Cash
597;4498;16;23/12/2023;M;3.5;Yes;Express;Yes;Yes;Bank Transfer
2464;6676;8;24/12/2023;M;3.2;Yes;Express;Yes;Yes;Credit Card
1996;3620;1;25/12/2023;M;3;Yes;Express;Yes;Yes;Bank Transfer
754;5612;5;26/12/2023;M;4.8;Yes;Express;Yes;Yes;Venmo
1569;8013;18;27/12/2023;L;5;Yes;Store Pickup;Yes;Yes;Cash
1146;825;8;28/12/2023;M;2.9;Yes;Free Shipping;Yes;Yes;Debit Card
887;5230;17;01/01/2023;L;3.2;Yes;Express;Yes;Yes;Debit Card
1591;2965;20;28/12/2022;M;2.9;Yes;Store Pickup;Yes;Yes;Bank Transfer
3565;9856;16;29/12/2022;L;3.3;Yes;Free Shipping;Yes;Yes;Debit Card
1706;6665;12;30/12/2022;M;2.6;Yes;Next Day Air;Yes;Yes;PayPal
1586;9651;13;31/12/2022;M;3.5;Yes;Standard;Yes;Yes;Debit Card
1362;8439;13;01/01/2023;M;4.4;Yes;Standard;Yes;Yes;Debit Card
1869;3874;9;02/01/2023;M;3.4;Yes;Next Day Air;Yes;Yes;Bank Transfer
2573;5182;18;03/01/2023;L;4.2;Yes;Store Pickup;Yes;Yes;Venmo
3042;5982;5;04/01/2023;M;3.6;Yes;Store Pickup;Yes;Yes;Debit Card
1431;1126;4;05/01/2023;S;3;Yes;Next Day Air;Yes;Yes;Venmo
815;1895;8;06/01/2023;L;4;Yes;Free Shipping;Yes;Yes;PayPal
2948;4549;15;07/01/2023;M;4.4;Yes;Express;Yes;Yes;Credit Card
348;5619;5;08/01/2023;XL;4.1;Yes;Standard;Yes;Yes;Cash
1260;5340;8;09/01/2023;XL;3.6;Yes;Free Shipping;Yes;Yes;Venmo
1641;4708;8;10/01/2023;XL;4.6;Yes;Next Day Air;Yes;Yes;Bank Transfer
1589;8558;15;11/01/2023;M;3.2;Yes;2-Day Shipping;Yes;Yes;Credit Card
2333;4016;20;12/01/2023;L;4.8;Yes;Free Shipping;Yes;Yes;Bank Transfer
339;3212;6;13/01/2023;M;4.8;Yes;Express;Yes;Yes;PayPal
2730;2072;11;14/01/2023;M;5;Yes;2-Day Shipping;Yes;Yes;Credit Card
2723;7079;19;15/01/2023;M;3.7;Yes;Store Pickup;Yes;Yes;Venmo
214;9650;5;16/01/2023;M;4.6;Yes;Next Day Air;Yes;Yes;Credit Card
1273;6276;5;17/01/2023;M;3.7;Yes;Free Shipping;Yes;Yes;Credit Card
331;7006;12;18/01/2023;M;4.1;Yes;Free Shipping;Yes;Yes;PayPal
3319;7414;20;19/01/2023;XL;2.7;Yes;Store Pickup;Yes;Yes;Bank Transfer
1621;4628;16;20/01/2023;L;4.9;Yes;Store Pickup;Yes;Yes;Bank Transfer
2487;8407;17;21/01/2023;L;4;Yes;Store Pickup;Yes;Yes;PayPal
3750;1436;9;22/01/2023;M;4.7;Yes;Free Shipping;Yes;Yes;Debit Card
3252;1328;18;23/01/2023;M;2.8;Yes;Next Day Air;Yes;Yes;Cash
1413;9617;11;24/01/2023;S;4.9;Yes;2-Day Shipping;Yes;Yes;Venmo
3132;9589;15;10/10/2023;S;4.2;Yes;Express;Yes;Yes;Debit Card
767;1496;20;11/10/2023;M;3;Yes;Standard;Yes;Yes;Debit Card
2412;7318;19;12/10/2023;M;3.4;Yes;2-Day Shipping;Yes;Yes;PayPal
2153;155;20;13/10/2023;S;4.6;Yes;Standard;Yes;Yes;Venmo
1927;792;2;14/10/2023;L;4.2;Yes;Store Pickup;Yes;Yes;Debit Card
1633;1255;2;15/10/2023;M;3.2;Yes;Free Shipping;Yes;Yes;Venmo
128;1379;4;16/10/2023;S;4.4;Yes;Store Pickup;Yes;Yes;PayPal
3073;6401;18;17/10/2023;S;2.5;Yes;Next Day Air;Yes;Yes;Debit Card
3141;3762;10;18/10/2023;M;3.6;Yes;Next Day Air;Yes;Yes;PayPal
124;1778;3;19/10/2023;XL;4.5;Yes;Store Pickup;Yes;Yes;Venmo
2654;4261;19;20/10/2023;L;3.4;Yes;Standard;Yes;Yes;Bank Transfer
3840;5108;3;21/10/2023;L;3.2;Yes;2-Day Shipping;Yes;Yes;Cash
90;9946;17;22/10/2023;L;4.2;Yes;Standard;Yes;Yes;Debit Card
1744;8544;4;23/10/2023;M;5;Yes;2-Day Shipping;Yes;Yes;Venmo
1434;2875;3;24/10/2023;M;4.7;Yes;Store Pickup;Yes;Yes;Cash
1773;5802;1;25/10/2023;L;4.2;Yes;Next Day Air;Yes;Yes;Cash
2935;5165;14;26/10/2023;L;3.4;Yes;2-Day Shipping;Yes;Yes;PayPal
3285;2011;18;27/10/2023;S;4.4;Yes;Store Pickup;Yes;Yes;Credit Card
1281;5031;3;28/10/2023;XL;4.2;Yes;Standard;Yes;Yes;Bank Transfer
3111;5013;16;29/10/2023;M;4.5;Yes;Standard;Yes;Yes;PayPal
929;8409;12;30/10/2023;L;2.8;Yes;Next Day Air;Yes;Yes;Cash
2416;2270;19;31/10/2023;S;3.3;Yes;Next Day Air;Yes;Yes;Venmo
1679;4866;16;01/11/2023;L;4.6;Yes;Next Day Air;Yes;Yes;Credit Card
1104;2175;9;02/11/2023;M;2.5;Yes;Free Shipping;Yes;Yes;Bank Transfer
1969;7705;10;03/11/2023;M;4.7;Yes;Store Pickup;Yes;Yes;Cash
476;9592;2;04/11/2023;L;4.6;Yes;Express;Yes;Yes;Credit Card
838;948;17;05/11/2023;L;2.6;Yes;Standard;Yes;Yes;Cash
2041;7316;11;06/11/2023;M;4;Yes;Standard;Yes;Yes;Credit Card
239;5064;6;07/11/2023;L;2.6;Yes;Next Day Air;Yes;Yes;Venmo
1031;6322;9;08/11/2023;L;4.6;Yes;Free Shipping;Yes;Yes;Credit Card
3761;4649;11;09/11/2023;M;2.6;Yes;Standard;Yes;Yes;Bank Transfer
937;4677;4;10/11/2023;L;4;Yes;Express;Yes;Yes;Debit Card
1184;5583;11;11/11/2023;M;4.6;Yes;Store Pickup;Yes;Yes;Debit Card
847;1167;19;12/11/2023;M;3.7;Yes;2-Day Shipping;Yes;Yes;Venmo
1274;7996;4;13/11/2023;S;4.4;Yes;Store Pickup;Yes;Yes;Credit Card
3102;1843;14;14/11/2023;S;4;Yes;Next Day Air;Yes;Yes;Bank Transfer
204;6498;7;15/11/2023;M;4.7;Yes;Standard;Yes;Yes;PayPal
1705;7951;10;16/11/2023;XL;3.4;Yes;Express;Yes;Yes;PayPal
2334;1757;19;17/11/2023;M;4;Yes;Next Day Air;Yes;Yes;Venmo
339;9511;6;18/11/2023;M;3.9;Yes;Standard;Yes;Yes;Venmo
271;9435;5;19/11/2023;L;4.1;Yes;Express;Yes;Yes;PayPal
3345;4264;6;20/11/2023;M;3.7;Yes;2-Day Shipping;Yes;Yes;Credit Card
1168;8747;19;21/11/2023;L;4.7;Yes;Standard;Yes;Yes;Debit Card
759;5757;17;22/11/2023;S;4.3;Yes;2-Day Shipping;Yes;Yes;Debit Card
950;4789;19;23/11/2023;S;4.1;Yes;Store Pickup;Yes;Yes;Cash
1347;7917;18;24/11/2023;M;3.9;Yes;Next Day Air;Yes;Yes;Venmo
284;5528;5;25/11/2023;M;2.9;Yes;Express;Yes;Yes;Debit Card
2785;6105;20;26/11/2023;M;3.9;Yes;Standard;Yes;Yes;PayPal
166;2855;1;27/11/2023;M;4.3;Yes;2-Day Shipping;Yes;Yes;Cash
3813;4076;9;28/11/2023;M;2.8;Yes;Store Pickup;Yes;Yes;Bank Transfer
1882;7936;3;29/11/2023;M;3.4;Yes;2-Day Shipping;Yes;Yes;Cash
1689;200;2;30/11/2023;S;2.7;Yes;Express;Yes;Yes;PayPal
1606;3975;9;01/12/2023;L;4;Yes;2-Day Shipping;Yes;Yes;Credit Card
374;9421;17;02/12/2023;M;4.4;Yes;Store Pickup;Yes;Yes;Debit Card
1317;2902;7;03/12/2023;M;3.9;Yes;2-Day Shipping;Yes;Yes;Credit Card
3111;6464;7;04/12/2023;L;2.8;Yes;2-Day Shipping;Yes;Yes;Debit Card
2054;2263;10;05/12/2023;XL;3.2;Yes;Next Day Air;Yes;Yes;Bank Transfer
2824;5408;17;06/12/2023;S;4.3;Yes;Next Day Air;Yes;Yes;Cash
920;1599;15;07/12/2023;S;4.2;Yes;Express;Yes;Yes;Venmo
2204;5808;7;08/12/2023;XL;4.9;Yes;Standard;Yes;Yes;Venmo
2012;1694;9;09/12/2023;XL;3.7;Yes;Express;Yes;Yes;Credit Card
2210;2109;1;10/12/2023;M;4.1;Yes;Store Pickup;Yes;Yes;Credit Card
299;3788;3;11/12/2023;L;4.2;Yes;Store Pickup;Yes;Yes;PayPal
3269;3999;13;12/12/2023;M;3.9;Yes;Next Day Air;Yes;Yes;Bank Transfer
380;2193;6;13/12/2023;L;2.9;Yes;Next Day Air;Yes;Yes;Venmo
1701;2887;3;14/12/2023;M;3.1;Yes;Free Shipping;Yes;Yes;Venmo
202;9605;18;15/12/2023;M;3.6;Yes;2-Day Shipping;Yes;Yes;Cash
3302;8467;5;16/12/2023;L;4.4;Yes;2-Day Shipping;Yes;Yes;Venmo
2142;1529;15;17/12/2023;S;3.1;Yes;Free Shipping;Yes;Yes;Venmo
1374;7484;1;18/12/2023;M;3.9;Yes;Standard;Yes;Yes;PayPal
2608;5046;8;19/12/2023;M;4.3;Yes;Free Shipping;Yes;Yes;PayPal
3155;278;14;20/12/2023;S;4.9;Yes;Store Pickup;Yes;Yes;Venmo
3821;7379;7;21/12/2023;S;3.6;Yes;2-Day Shipping;Yes;Yes;Cash
3093;4557;2;22/12/2023;M;5;Yes;2-Day Shipping;Yes;Yes;Credit Card
2601;7345;1;23/12/2023;XL;4.1;Yes;Store Pickup;Yes;Yes;Credit Card
2346;8203;6;24/12/2023;L;2.8;Yes;Express;Yes;Yes;Venmo
1678;8660;12;25/12/2023;M;4.7;Yes;Express;Yes;Yes;Credit Card
3102;4001;12;26/12/2023;M;4.4;Yes;Express;Yes;Yes;PayPal
3274;6505;10;27/12/2023;M;4.9;Yes;2-Day Shipping;Yes;Yes;Credit Card
2087;4566;1;28/12/2023;L;3.1;Yes;Free Shipping;Yes;Yes;Debit Card
2251;4101;18;01/01/2023;S;2.6;Yes;Standard;Yes;Yes;Bank Transfer
2164;9837;4;28/12/2022;S;2.9;Yes;Express;Yes;Yes;Bank Transfer
1003;3142;6;29/12/2022;M;3.3;Yes;Free Shipping;Yes;Yes;Venmo
550;9800;13;30/12/2022;XL;4.8;Yes;Next Day Air;Yes;Yes;Cash
204;543;14;31/12/2022;L;4.7;Yes;Express;Yes;Yes;Cash
740;1762;6;01/01/2023;M;3.3;Yes;2-Day Shipping;Yes;Yes;Cash
352;5909;18;02/01/2023;M;4.2;Yes;Free Shipping;Yes;Yes;Venmo
3682;5463;12;03/01/2023;XL;4.7;Yes;Store Pickup;Yes;Yes;Bank Transfer
3214;7988;17;04/01/2023;M;2.6;Yes;2-Day Shipping;Yes;Yes;Cash
3106;1599;18;05/01/2023;M;2.9;Yes;2-Day Shipping;Yes;Yes;Venmo
2278;2271;2;06/01/2023;S;2.7;Yes;Express;Yes;Yes;PayPal
290;7355;8;07/01/2023;M;3.3;Yes;Store Pickup;Yes;Yes;Debit Card
1180;6982;15;08/01/2023;M;3.4;Yes;Express;Yes;Yes;Venmo
463;1796;2;09/01/2023;M;4.2;Yes;Express;Yes;Yes;PayPal
3094;1975;12;10/01/2023;XL;3.8;Yes;2-Day Shipping;Yes;Yes;Credit Card
3116;8286;2;11/01/2023;M;4;Yes;Standard;Yes;Yes;Credit Card
2710;4677;18;12/01/2023;S;2.7;Yes;Free Shipping;Yes;Yes;Bank Transfer
2610;3634;9;13/01/2023;M;4.7;Yes;Express;Yes;Yes;Debit Card
2878;5339;7;14/01/2023;XL;3.5;Yes;Standard;Yes;Yes;Cash
1153;3249;15;15/01/2023;L;3;Yes;2-Day Shipping;Yes;Yes;Venmo
3612;3553;2;16/01/2023;XL;3.3;Yes;Free Shipping;Yes;Yes;Bank Transfer
2454;8969;11;17/01/2023;S;4.7;Yes;Store Pickup;Yes;Yes;Venmo
2572;1990;12;10/10/2023;M;4.7;Yes;Express;Yes;Yes;Credit Card
3299;4132;8;11/10/2023;XL;4.8;Yes;Standard;Yes;Yes;Bank Transfer
250;7126;18;12/10/2023;L;2.9;Yes;Standard;Yes;Yes;PayPal
988;7034;4;13/10/2023;M;4;Yes;2-Day Shipping;Yes;Yes;Debit Card
1516;4638;13;14/10/2023;L;3.1;Yes;Free Shipping;Yes;Yes;Cash
2543;5483;6;15/10/2023;S;3.5;Yes;2-Day Shipping;Yes;Yes;Venmo
1611;5260;1;16/10/2023;XL;3.7;Yes;Next Day Air;Yes;Yes;Debit Card
3608;8093;2;17/10/2023;L;2.8;Yes;Standard;Yes;Yes;Cash
3535;1001;1;18/10/2023;XL;4.6;Yes;Free Shipping;Yes;Yes;Debit Card
2927;8709;7;19/10/2023;M;3.8;Yes;Standard;Yes;Yes;Debit Card
1875;2727;11;20/10/2023;M;2.6;Yes;2-Day Shipping;Yes;Yes;PayPal
226;4428;10;21/10/2023;L;4.1;Yes;Standard;Yes;Yes;PayPal
1476;146;2;22/10/2023;L;3.3;Yes;Next Day Air;Yes;Yes;Debit Card
84;8156;8;23/10/2023;M;3.4;Yes;Store Pickup;Yes;Yes;Cash
38;4475;2;24/10/2023;L;3;Yes;Standard;Yes;Yes;Venmo
306;5281;9;25/10/2023;S;3.2;Yes;Express;Yes;Yes;PayPal
2658;513;19;26/10/2023;XL;4.5;Yes;Free Shipping;Yes;Yes;Cash
1930;7571;8;27/10/2023;L;4.8;Yes;Express;Yes;Yes;Debit Card
1649;1556;20;28/10/2023;L;3.7;Yes;Next Day Air;Yes;Yes;Venmo
1668;4963;10;29/10/2023;L;3.4;Yes;Store Pickup;Yes;Yes;Cash
1799;7822;7;30/10/2023;L;4.6;Yes;Standard;Yes;Yes;Debit Card
458;2627;10;31/10/2023;L;4.1;Yes;Standard;Yes;Yes;PayPal
107;5213;10;01/11/2023;M;3.5;Yes;2-Day Shipping;Yes;Yes;Bank Transfer
510;1717;11;02/11/2023;XL;3.8;Yes;Next Day Air;Yes;Yes;Bank Transfer
3705;7005;9;03/11/2023;M;2.6;Yes;Express;Yes;Yes;Bank Transfer
1230;1346;2;04/11/2023;M;4.4;Yes;Store Pickup;Yes;Yes;Debit Card
599;2289;16;05/11/2023;L;2.6;Yes;Express;Yes;Yes;Debit Card
588;3565;3;06/11/2023;M;3.6;Yes;Express;Yes;Yes;Venmo
2286;3193;16;07/11/2023;L;4.2;Yes;Express;Yes;Yes;Venmo
3700;9076;19;08/11/2023;M;4.6;Yes;Standard;Yes;Yes;Bank Transfer
61;8699;14;09/11/2023;L;3.3;Yes;Next Day Air;Yes;Yes;Venmo
3336;5753;15;10/11/2023;L;3.4;Yes;Free Shipping;Yes;Yes;Debit Card
2081;8530;1;11/11/2023;L;4.4;Yes;Next Day Air;Yes;Yes;Debit Card
1957;6597;18;12/11/2023;S;4.3;Yes;Store Pickup;Yes;Yes;Cash
757;561;8;13/11/2023;L;3.5;Yes;Express;Yes;Yes;PayPal
953;8640;17;14/11/2023;XL;4.7;Yes;Store Pickup;Yes;Yes;Venmo
2417;5539;11;15/11/2023;L;3.1;Yes;Standard;Yes;Yes;Debit Card
2536;7801;10;16/11/2023;L;3.6;Yes;Next Day Air;Yes;Yes;Bank Transfer
1724;8287;1;17/11/2023;S;4.8;Yes;Next Day Air;Yes;Yes;Venmo
320;8191;14;18/11/2023;M;3.7;Yes;Next Day Air;Yes;Yes;PayPal
3501;6659;11;19/11/2023;L;3.2;Yes;Express;Yes;Yes;PayPal
1136;1910;19;20/11/2023;M;3.9;Yes;Standard;Yes;Yes;Venmo
870;8539;1;21/11/2023;M;3.5;Yes;Free Shipping;Yes;Yes;PayPal
1453;1800;4;22/11/2023;L;2.8;Yes;Express;Yes;Yes;Cash
912;4740;12;23/11/2023;L;2.7;Yes;2-Day Shipping;Yes;Yes;Debit Card
780;2705;17;24/11/2023;S;3.1;Yes;Express;Yes;Yes;Bank Transfer
1776;8064;15;25/11/2023;M;3.6;Yes;2-Day Shipping;Yes;Yes;Cash
1538;937;19;26/11/2023;L;2.9;Yes;2-Day Shipping;Yes;Yes;Credit Card
363;3476;20;27/11/2023;M;3.6;Yes;Store Pickup;Yes;Yes;PayPal
162;1895;9;28/11/2023;L;3.5;Yes;2-Day Shipping;Yes;Yes;Venmo
2359;7407;19;29/11/2023;S;3.5;Yes;Free Shipping;Yes;Yes;Venmo
2672;6493;3;30/11/2023;M;2.8;Yes;Next Day Air;Yes;Yes;Credit Card
2667;2631;8;01/12/2023;XL;4.7;Yes;Free Shipping;Yes;Yes;Bank Transfer
240;5350;11;02/12/2023;M;3.1;Yes;Express;Yes;Yes;Debit Card
842;5443;7;03/12/2023;L;4.9;Yes;Free Shipping;Yes;Yes;Cash
1295;8434;16;04/12/2023;S;4.1;Yes;Next Day Air;Yes;Yes;Debit Card
2114;3800;10;05/12/2023;L;4.7;Yes;Standard;Yes;Yes;Venmo
1012;9930;8;06/12/2023;M;2.5;Yes;Free Shipping;Yes;Yes;Credit Card
2728;6828;3;07/12/2023;L;4.4;Yes;Next Day Air;Yes;Yes;Bank Transfer
366;1924;5;08/12/2023;L;3.9;Yes;Free Shipping;Yes;Yes;Bank Transfer
1426;5629;13;09/12/2023;M;3.7;Yes;Standard;Yes;Yes;Debit Card
2046;7808;18;10/12/2023;L;3.4;Yes;Free Shipping;Yes;Yes;Venmo
2617;9401;4;11/12/2023;L;4.8;Yes;Free Shipping;Yes;Yes;Credit Card
1778;5919;18;12/12/2023;L;4.2;Yes;2-Day Shipping;Yes;Yes;PayPal
2253;5481;3;13/12/2023;M;3.4;Yes;Store Pickup;Yes;Yes;Venmo
2851;4859;13;14/12/2023;L;2.9;Yes;Store Pickup;Yes;Yes;Debit Card
2559;8986;1;15/12/2023;M;3.3;Yes;Free Shipping;Yes;Yes;PayPal
3850;7186;10;16/12/2023;S;4.8;Yes;Standard;Yes;Yes;Cash
1626;9218;16;17/12/2023;M;3.8;Yes;Store Pickup;Yes;Yes;Debit Card
3245;6580;4;18/12/2023;L;4.6;Yes;2-Day Shipping;Yes;Yes;Bank Transfer
1461;7217;12;19/12/2023;XL;2.6;Yes;Next Day Air;Yes;Yes;Credit Card
2208;2872;18;20/12/2023;XL;3.4;Yes;Free Shipping;Yes;Yes;Cash
2717;5487;2;21/12/2023;L;4.2;Yes;Express;Yes;Yes;Bank Transfer
2337;6014;10;22/12/2023;M;3.9;Yes;Standard;Yes;Yes;Debit Card
1367;6532;1;23/12/2023;M;2.9;Yes;2-Day Shipping;Yes;Yes;Credit Card
2763;3355;14;24/12/2023;XL;4.2;Yes;Free Shipping;Yes;Yes;Debit Card
2188;5486;14;25/12/2023;M;3;Yes;Store Pickup;Yes;Yes;Cash
512;5459;20;26/12/2023;M;3.6;Yes;Next Day Air;Yes;Yes;PayPal
979;9128;11;27/12/2023;M;2.5;Yes;Next Day Air;Yes;Yes;Cash
3661;6987;15;28/12/2023;XL;2.6;Yes;Express;Yes;Yes;Venmo
583;1788;1;01/01/2023;M;4.3;Yes;Store Pickup;Yes;Yes;PayPal
1116;4306;3;28/12/2022;M;3.3;Yes;Express;Yes;Yes;Credit Card
2295;4137;13;29/12/2022;L;2.6;Yes;Next Day Air;Yes;Yes;Bank Transfer
6;5061;5;30/12/2022;L;3.6;Yes;Free Shipping;Yes;Yes;Debit Card
1200;4995;14;31/12/2022;L;2.6;Yes;Express;Yes;Yes;Debit Card
660;2739;12;01/01/2023;M;3.5;Yes;Standard;Yes;Yes;Credit Card
61;7462;12;02/01/2023;S;3;Yes;Store Pickup;Yes;Yes;PayPal
509;314;6;03/01/2023;M;5;Yes;Standard;Yes;Yes;Venmo
594;8247;2;04/01/2023;XL;2.5;Yes;Express;Yes;Yes;Venmo
3528;4680;14;05/01/2023;M;2.9;Yes;Store Pickup;Yes;Yes;Debit Card
3666;1664;17;10/10/2023;M;4.6;Yes;Express;Yes;Yes;Cash
1741;5748;3;11/10/2023;M;3.6;Yes;Free Shipping;Yes;Yes;Cash
359;8004;18;12/10/2023;L;3;Yes;Store Pickup;Yes;Yes;Credit Card
3048;7732;11;13/10/2023;M;4.5;Yes;Standard;Yes;Yes;Cash
1345;1128;16;14/10/2023;L;4.5;Yes;Next Day Air;Yes;Yes;PayPal
1092;8130;2;15/10/2023;M;3.2;Yes;Store Pickup;Yes;Yes;Bank Transfer
1074;1668;8;16/10/2023;S;4;Yes;Next Day Air;Yes;Yes;PayPal
3123;7933;6;17/10/2023;S;4.8;Yes;Express;Yes;Yes;Bank Transfer
3245;1684;9;18/10/2023;S;3.7;Yes;Free Shipping;Yes;Yes;Venmo
1169;8364;10;19/10/2023;XL;3.8;Yes;Store Pickup;Yes;Yes;Bank Transfer
2197;3676;13;20/10/2023;S;2.7;Yes;Standard;Yes;Yes;Credit Card
1379;4844;11;21/10/2023;M;4.9;Yes;Store Pickup;Yes;Yes;Bank Transfer
1878;5958;3;22/10/2023;S;3.1;Yes;2-Day Shipping;Yes;Yes;PayPal
829;7235;18;23/10/2023;M;4.2;Yes;Next Day Air;Yes;Yes;Venmo
2037;6715;17;24/10/2023;L;3.8;Yes;Free Shipping;Yes;Yes;Credit Card
1236;8000;16;25/10/2023;XL;4.2;Yes;Store Pickup;Yes;Yes;Debit Card
3145;9781;3;26/10/2023;M;4.6;Yes;Store Pickup;Yes;Yes;Venmo
3376;8383;14;27/10/2023;XL;4;Yes;2-Day Shipping;Yes;Yes;Credit Card
1055;7109;8;28/10/2023;M;4;Yes;2-Day Shipping;Yes;Yes;Debit Card
3474;9478;4;29/10/2023;M;3.8;Yes;2-Day Shipping;Yes;Yes;PayPal
2259;6727;6;30/10/2023;L;3.3;Yes;Free Shipping;Yes;Yes;PayPal
2857;1080;16;31/10/2023;S;2.6;Yes;Free Shipping;Yes;Yes;Cash
2546;5462;5;01/11/2023;L;4.9;Yes;Express;Yes;Yes;Credit Card
2566;9819;10;02/11/2023;M;3.5;Yes;Next Day Air;Yes;Yes;Bank Transfer
3883;5040;17;03/11/2023;L;2.8;Yes;Express;Yes;Yes;Venmo
3849;4993;12;04/11/2023;M;2.6;Yes;Store Pickup;Yes;Yes;Venmo
2811;2534;5;05/11/2023;L;3.7;Yes;Next Day Air;Yes;Yes;Debit Card
904;3164;7;06/11/2023;L;2.7;Yes;Standard;Yes;Yes;PayPal
1849;2615;3;07/11/2023;S;3.3;Yes;Express;Yes;Yes;Credit Card
3347;7632;15;08/11/2023;L;4.6;Yes;Next Day Air;Yes;Yes;Cash
2722;885;7;09/11/2023;M;4.9;Yes;Next Day Air;Yes;Yes;PayPal
2510;3534;15;10/11/2023;S;4.9;Yes;Store Pickup;Yes;Yes;Debit Card
2011;6434;3;11/11/2023;M;2.7;Yes;Free Shipping;Yes;Yes;Venmo
289;5418;5;12/11/2023;M;3.2;Yes;Standard;Yes;Yes;Credit Card
2532;9271;9;13/11/2023;S;2.9;Yes;Store Pickup;Yes;Yes;Debit Card
2535;5060;11;14/11/2023;M;3.8;Yes;Express;Yes;Yes;PayPal
1034;8935;18;15/11/2023;L;3;Yes;Next Day Air;Yes;Yes;Venmo
1638;9274;12;16/11/2023;L;3.9;Yes;Store Pickup;Yes;Yes;Debit Card
2278;1095;11;17/11/2023;S;4.7;Yes;Store Pickup;Yes;Yes;PayPal
1344;8206;8;18/11/2023;M;4.9;Yes;Store Pickup;Yes;Yes;Debit Card
1092;7819;6;19/11/2023;S;4.8;Yes;Next Day Air;Yes;Yes;Debit Card
3301;9043;3;20/11/2023;M;2.5;Yes;2-Day Shipping;Yes;Yes;Debit Card
316;1548;14;21/11/2023;M;3.9;Yes;Standard;Yes;Yes;Credit Card
1736;3271;10;22/11/2023;L;3.4;Yes;Standard;Yes;Yes;Bank Transfer
341;3200;8;23/11/2023;M;2.5;Yes;Free Shipping;Yes;Yes;Credit Card
475;3204;4;24/11/2023;M;3;Yes;Store Pickup;Yes;Yes;Cash
3009;5185;20;25/11/2023;XL;3.6;Yes;Next Day Air;Yes;Yes;Cash
1111;6386;16;26/11/2023;M;3.6;Yes;Standard;Yes;Yes;PayPal
2816;9775;3;27/11/2023;S;4.1;Yes;Free Shipping;Yes;Yes;Bank Transfer
2053;7518;1;28/11/2023;M;3.7;Yes;2-Day Shipping;Yes;Yes;PayPal
1502;1300;14;29/11/2023;S;3.1;Yes;2-Day Shipping;Yes;Yes;Credit Card
2806;556;6;30/11/2023;M;4.2;Yes;Express;Yes;Yes;Credit Card
1407;5975;19;01/12/2023;M;4.3;Yes;Express;Yes;Yes;Cash
615;9367;3;02/12/2023;L;2.5;Yes;Express;Yes;Yes;Cash
994;8540;10;03/12/2023;M;3.5;Yes;Standard;Yes;Yes;Credit Card
912;5547;18;04/12/2023;M;3.1;Yes;Free Shipping;Yes;Yes;Credit Card
785;4667;15;05/12/2023;L;2.5;Yes;Next Day Air;Yes;Yes;Debit Card
1674;8091;11;06/12/2023;L;3.9;Yes;Store Pickup;Yes;Yes;Cash
1407;1968;16;07/12/2023;L;4.9;Yes;Express;Yes;Yes;Cash
2353;5024;10;08/12/2023;M;4.3;Yes;Express;Yes;Yes;Credit Card
3649;3719;19;09/12/2023;L;2.6;Yes;Free Shipping;Yes;Yes;Debit Card
1242;3552;4;10/12/2023;L;4.2;Yes;2-Day Shipping;Yes;Yes;PayPal
309;9470;20;11/12/2023;M;2.6;Yes;Store Pickup;Yes;Yes;PayPal
2626;1254;15;12/12/2023;M;3.6;Yes;Express;Yes;Yes;PayPal
3738;9775;12;13/12/2023;S;3.2;Yes;Express;Yes;Yes;PayPal
3035;9664;9;14/12/2023;L;4.4;Yes;Express;Yes;Yes;Venmo
2286;6888;1;15/12/2023;XL;3.7;Yes;Standard;Yes;Yes;Venmo
2246;1638;14;16/12/2023;M;3.7;Yes;Express;Yes;Yes;Debit Card
1460;4633;12;17/12/2023;L;4.1;Yes;Standard;Yes;Yes;PayPal
2617;8375;5;18/12/2023;M;3.6;Yes;Store Pickup;Yes;Yes;Credit Card
119;7541;20;19/12/2023;S;4.3;Yes;Express;Yes;Yes;PayPal
745;4805;18;20/12/2023;L;2.6;Yes;Store Pickup;Yes;Yes;Venmo
2679;7254;18;21/12/2023;M;2.9;Yes;Express;Yes;Yes;Debit Card
329;6840;11;22/12/2023;L;4.2;Yes;Next Day Air;Yes;Yes;Debit Card
3892;4754;13;23/12/2023;L;4;Yes;Free Shipping;Yes;Yes;Cash
683;1429;13;24/12/2023;L;4.3;Yes;Free Shipping;Yes;Yes;Venmo
1455;246;3;25/12/2023;L;3;Yes;2-Day Shipping;Yes;Yes;Credit Card
3090;6833;14;26/12/2023;M;3.5;Yes;Express;Yes;Yes;Debit Card
2798;9183;8;27/12/2023;L;3;Yes;Standard;Yes;Yes;Debit Card
215;278;20;28/12/2023;L;3.1;Yes;Free Shipping;Yes;Yes;PayPal
663;1091;9;01/01/2023;M;4;Yes;Next Day Air;Yes;Yes;Debit Card
2553;7928;12;28/12/2022;M;4.1;Yes;Standard;Yes;Yes;Cash
295;1404;4;29/12/2022;XL;3.3;Yes;2-Day Shipping;Yes;Yes;Credit Card
266;3512;18;30/12/2022;M;4.9;Yes;Standard;Yes;Yes;PayPal
733;7407;19;31/12/2022;M;3.9;Yes;Standard;Yes;Yes;PayPal
804;7212;18;01/01/2023;S;3.9;Yes;Next Day Air;Yes;Yes;PayPal
948;364;8;02/01/2023;L;4.8;Yes;Store Pickup;Yes;Yes;Venmo
504;8854;12;03/01/2023;M;2.7;Yes;Free Shipping;Yes;Yes;PayPal
3439;6694;12;04/01/2023;M;3.1;Yes;Free Shipping;Yes;Yes;Bank Transfer
2015;7584;9;05/01/2023;M;3.2;Yes;Next Day Air;Yes;Yes;Credit Card
3502;3485;20;06/01/2023;M;2.7;Yes;2-Day Shipping;Yes;Yes;PayPal
1314;9970;11;07/01/2023;M;2.5;Yes;Standard;Yes;Yes;Bank Transfer
652;7272;13;08/01/2023;M;2.6;Yes;Next Day Air;Yes;Yes;Debit Card
848;4805;8;09/01/2023;M;2.9;Yes;Standard;Yes;Yes;Cash
3389;6192;14;10/01/2023;M;4.2;Yes;Free Shipping;Yes;Yes;Venmo
2969;4028;1;10/10/2023;M;4.4;Yes;Free Shipping;Yes;Yes;Venmo
1862;3737;19;11/10/2023;L;4.1;Yes;Free Shipping;Yes;Yes;Bank Transfer
3064;2518;18;12/10/2023;L;3.8;Yes;2-Day Shipping;Yes;Yes;Debit Card
10;4416;9;13/10/2023;M;4.9;Yes;Next Day Air;Yes;Yes;Venmo
1200;1201;8;14/10/2023;S;4.9;Yes;Express;Yes;Yes;Debit Card
618;8339;17;15/10/2023;S;4.1;Yes;Free Shipping;Yes;Yes;PayPal
2252;3463;17;16/10/2023;L;3.1;Yes;Express;Yes;Yes;Debit Card
3835;7876;7;17/10/2023;M;2.7;Yes;Next Day Air;Yes;Yes;Venmo
2882;1858;7;18/10/2023;M;3.8;Yes;Next Day Air;Yes;Yes;Cash
1862;9836;11;19/10/2023;S;4.3;Yes;Free Shipping;Yes;Yes;Bank Transfer
1231;3518;7;20/10/2023;L;4.1;Yes;Express;Yes;Yes;Bank Transfer
1140;3679;5;21/10/2023;L;4.4;Yes;Free Shipping;Yes;Yes;Debit Card
951;2494;15;22/10/2023;S;3.6;Yes;Express;Yes;Yes;Bank Transfer
513;2296;2;23/10/2023;L;3.3;Yes;2-Day Shipping;Yes;Yes;PayPal
1427;1367;18;24/10/2023;S;3.6;Yes;Express;Yes;Yes;Cash
1148;1222;18;25/10/2023;S;2.8;Yes;Free Shipping;Yes;Yes;Venmo
1266;2450;13;26/10/2023;S;4.3;Yes;2-Day Shipping;Yes;Yes;Credit Card
3541;1939;1;27/10/2023;S;3.9;Yes;Store Pickup;Yes;Yes;PayPal
17;8586;2;28/10/2023;L;2.7;Yes;Free Shipping;Yes;Yes;Debit Card
383;8777;13;29/10/2023;M;4.7;Yes;Express;Yes;Yes;Venmo
651;7537;14;30/10/2023;L;3.8;Yes;Free Shipping;Yes;Yes;Debit Card
2;2017;1;31/10/2023;XL;4.7;Yes;Next Day Air;Yes;Yes;Debit Card
310;1438;16;01/11/2023;M;4.7;Yes;Express;Yes;Yes;Cash
570;9187;3;02/11/2023;M;3.4;Yes;Express;Yes;Yes;Venmo
235;5725;16;03/11/2023;L;3.5;Yes;2-Day Shipping;Yes;Yes;Bank Transfer
2740;4017;10;04/11/2023;M;4;Yes;Standard;Yes;Yes;PayPal
1031;2129;19;05/11/2023;L;3.3;Yes;Free Shipping;Yes;Yes;Bank Transfer
3162;4433;20;06/11/2023;L;4.7;Yes;2-Day Shipping;Yes;Yes;Cash
3372;7967;10;07/11/2023;M;2.8;Yes;Next Day Air;Yes;Yes;Cash
1477;9188;2;08/11/2023;M;3.3;Yes;Express;Yes;Yes;PayPal
2142;5930;6;09/11/2023;L;2.9;Yes;Free Shipping;Yes;Yes;PayPal
3317;8195;1;10/11/2023;S;2.8;Yes;Standard;Yes;Yes;Venmo
3260;4398;12;11/11/2023;M;4.2;Yes;Standard;Yes;Yes;Debit Card
920;242;2;12/11/2023;L;4.4;Yes;Express;Yes;Yes;Credit Card
139;9985;4;13/11/2023;M;3.6;Yes;Free Shipping;Yes;Yes;PayPal
2646;1989;8;14/11/2023;L;2.7;Yes;Express;Yes;Yes;PayPal
1043;5863;3;15/11/2023;S;3.4;Yes;Express;Yes;Yes;Credit Card
868;3084;11;16/11/2023;M;2.8;Yes;2-Day Shipping;Yes;Yes;Bank Transfer
3864;4259;6;17/11/2023;M;3.4;Yes;Next Day Air;Yes;Yes;Bank Transfer
2000;9889;16;18/11/2023;M;2.6;Yes;Next Day Air;Yes;Yes;Cash
1436;1209;4;19/11/2023;L;4.1;Yes;Standard;Yes;Yes;Venmo
3512;3934;17;20/11/2023;L;2.9;Yes;Store Pickup;Yes;Yes;Credit Card
417;3430;19;21/11/2023;S;2.7;Yes;Standard;Yes;Yes;Venmo
2162;7701;10;22/11/2023;M;3.7;Yes;Standard;Yes;Yes;Bank Transfer
501;2534;1;23/11/2023;M;4.3;Yes;2-Day Shipping;Yes;Yes;Cash
2712;4535;6;24/11/2023;L;2.6;Yes;2-Day Shipping;Yes;Yes;Debit Card
3607;6491;4;25/11/2023;XL;4.3;Yes;Free Shipping;Yes;Yes;Cash
2326;9635;11;26/11/2023;L;4.1;Yes;Express;Yes;Yes;PayPal
2971;9057;5;27/11/2023;M;4.2;Yes;Standard;Yes;Yes;Credit Card
3207;114;11;28/11/2023;M;4.2;Yes;2-Day Shipping;Yes;Yes;PayPal
1834;1116;5;29/11/2023;XL;3.1;Yes;Standard;Yes;Yes;Cash
1141;3578;1;30/11/2023;L;4.9;Yes;Express;Yes;Yes;Cash
1418;9895;11;01/12/2023;XL;4.4;Yes;Express;Yes;Yes;Cash
201;2361;11;02/12/2023;L;4.4;Yes;Standard;Yes;Yes;Venmo
3292;9487;18;03/12/2023;XL;3.4;Yes;Store Pickup;Yes;Yes;Cash
2269;1151;17;04/12/2023;M;4.5;Yes;2-Day Shipping;Yes;Yes;Debit Card
1311;5181;3;05/12/2023;L;4.5;Yes;Store Pickup;Yes;Yes;Credit Card
2892;8053;13;06/12/2023;M;4.1;Yes;Standard;Yes;Yes;Bank Transfer
3248;9987;2;07/12/2023;L;3.2;Yes;Standard;Yes;Yes;Debit Card
3363;8359;9;08/12/2023;M;2.7;Yes;Store Pickup;Yes;Yes;Debit Card
1168;6192;12;09/12/2023;S;3.7;Yes;Express;Yes;Yes;Bank Transfer
3854;4107;7;10/12/2023;L;2.6;Yes;Store Pickup;Yes;Yes;Bank Transfer
2823;5036;2;11/12/2023;M;2.7;Yes;Free Shipping;Yes;Yes;Cash
1007;9435;6;12/12/2023;M;2.7;Yes;Express;Yes;Yes;Venmo
3898;5327;15;13/12/2023;S;4.8;Yes;Free Shipping;Yes;Yes;Debit Card
904;4922;12;14/12/2023;L;4.8;Yes;Next Day Air;Yes;Yes;Credit Card
926;9978;5;15/12/2023;S;2.6;Yes;Store Pickup;Yes;Yes;PayPal
2834;3989;6;16/12/2023;L;4.5;Yes;2-Day Shipping;Yes;Yes;PayPal
3267;1323;4;17/12/2023;M;3.2;Yes;Express;Yes;Yes;PayPal
2581;7190;13;18/12/2023;L;3.8;Yes;Next Day Air;Yes;Yes;Venmo
652;1300;6;19/12/2023;S;4.8;Yes;Express;Yes;Yes;Cash
1797;547;1;20/12/2023;M;4.1;Yes;Store Pickup;Yes;Yes;Venmo
2837;9266;1;21/12/2023;XL;2.8;Yes;Next Day Air;Yes;Yes;PayPal
266;9009;4;22/12/2023;M;3.9;Yes;Store Pickup;Yes;Yes;Cash
860;1962;5;23/12/2023;L;4.9;Yes;Express;Yes;Yes;Venmo
1738;8843;9;24/12/2023;M;3.4;Yes;Standard;Yes;Yes;Venmo
2589;5671;15;25/12/2023;XL;4.1;Yes;Free Shipping;Yes;Yes;PayPal
1340;5247;18;26/12/2023;M;2.9;Yes;Express;Yes;Yes;Bank Transfer
2233;3882;8;27/12/2023;S;3.1;Yes;2-Day Shipping;Yes;Yes;PayPal
2780;5756;9;28/12/2023;S;3.6;Yes;2-Day Shipping;Yes;Yes;Venmo
2429;2524;20;01/01/2023;S;3.5;Yes;Standard;Yes;Yes;Credit Card
3836;2897;16;28/12/2022;L;3.4;Yes;Free Shipping;Yes;Yes;PayPal
3779;4022;9;29/12/2022;XL;2.9;Yes;2-Day Shipping;Yes;Yes;Debit Card
2967;4074;18;30/12/2022;XL;4.7;Yes;Store Pickup;Yes;Yes;Cash
3419;37;9;31/12/2022;XL;4.4;Yes;Free Shipping;Yes;Yes;Credit Card
1300;3498;1;01/01/2023;M;2.6;Yes;Standard;Yes;Yes;Cash
1646;6225;12;02/01/2023;XL;4.4;Yes;Standard;Yes;Yes;Venmo
1762;8000;5;03/01/2023;L;3.7;Yes;Next Day Air;Yes;Yes;Debit Card
2583;4108;6;04/01/2023;L;4.4;Yes;Standard;Yes;Yes;Debit Card
1527;866;18;05/01/2023;L;2.5;Yes;2-Day Shipping;Yes;Yes;Credit Card
1348;4497;10;06/01/2023;M;2.6;Yes;Next Day Air;Yes;Yes;Venmo
2538;5443;5;07/01/2023;L;5;Yes;Store Pickup;Yes;Yes;Credit Card
1056;4256;16;08/01/2023;M;4.9;Yes;Express;Yes;Yes;Cash
3062;4970;4;09/01/2023;S;3.7;Yes;Store Pickup;Yes;Yes;Cash
298;1687;7;10/01/2023;L;3.1;Yes;Next Day Air;Yes;Yes;Bank Transfer
2877;476;18;11/01/2023;S;3.2;Yes;Express;Yes;Yes;PayPal
2641;2639;8;12/01/2023;S;4.4;Yes;Free Shipping;Yes;Yes;Cash
2019;648;20;13/01/2023;M;4.3;Yes;Next Day Air;Yes;Yes;Credit Card
2658;9030;14;14/01/2023;L;3;Yes;Standard;Yes;Yes;Credit Card
1099;7381;10;15/01/2023;M;3.5;Yes;2-Day Shipping;Yes;Yes;Bank Transfer
2921;1474;12;16/01/2023;M;3.6;Yes;2-Day Shipping;Yes;Yes;Bank Transfer
2223;9616;1;17/01/2023;M;3.8;Yes;2-Day Shipping;Yes;Yes;Bank Transfer
3526;8777;19;18/01/2023;M;3.6;Yes;Express;Yes;Yes;Credit Card
170;2455;11;19/01/2023;M;4.6;Yes;Express;Yes;Yes;Cash
84;8548;20;20/01/2023;M;2.5;Yes;Standard;Yes;Yes;Credit Card
1606;4281;7;21/01/2023;S;3.5;Yes;Store Pickup;Yes;Yes;Debit Card
896;8552;14;22/01/2023;S;4;Yes;Free Shipping;Yes;Yes;PayPal
650;8476;19;23/01/2023;M;3.5;Yes;Next Day Air;Yes;Yes;Credit Card
1812;6549;14;24/01/2023;S;3.2;Yes;Standard;Yes;Yes;PayPal
537;2096;19;10/10/2023;L;3.5;Yes;Free Shipping;Yes;Yes;Venmo
1711;3494;14;11/10/2023;M;3.4;Yes;Free Shipping;Yes;Yes;Credit Card
2267;9005;8;12/10/2023;M;5;Yes;Express;Yes;Yes;Bank Transfer
1382;4201;16;13/10/2023;S;4.5;Yes;Store Pickup;Yes;Yes;Bank Transfer
2669;321;12;14/10/2023;M;2.8;Yes;Express;Yes;Yes;PayPal
767;192;10;15/10/2023;M;4.9;Yes;2-Day Shipping;Yes;Yes;PayPal
352;6036;2;16/10/2023;M;3.1;Yes;Store Pickup;Yes;Yes;Bank Transfer
1697;5861;8;17/10/2023;S;4.8;Yes;Store Pickup;Yes;Yes;Cash
2187;13;16;18/10/2023;XL;2.7;Yes;Standard;Yes;Yes;Bank Transfer
557;5765;8;19/10/2023;M;4.6;Yes;Express;Yes;Yes;Debit Card
2442;8145;13;20/10/2023;M;4.4;Yes;Store Pickup;Yes;Yes;Cash
842;7902;3;21/10/2023;L;3.2;Yes;Express;Yes;Yes;Debit Card
1330;7686;3;22/10/2023;M;3;Yes;2-Day Shipping;Yes;Yes;Venmo
2995;5350;14;23/10/2023;L;4.9;Yes;Standard;Yes;Yes;Bank Transfer
3407;6353;3;24/10/2023;M;3.6;Yes;Express;Yes;Yes;Cash
1983;5930;19;25/10/2023;M;3.8;Yes;Next Day Air;Yes;Yes;Bank Transfer
2923;7901;15;26/10/2023;L;2.9;Yes;Standard;Yes;Yes;Debit Card
3137;2974;17;27/10/2023;M;3.9;Yes;Express;Yes;Yes;Bank Transfer
76;916;11;28/10/2023;M;3.6;Yes;Standard;Yes;Yes;Debit Card
581;3333;6;29/10/2023;M;3.5;Yes;Store Pickup;Yes;Yes;Bank Transfer
1371;5082;12;30/10/2023;M;4;Yes;Store Pickup;Yes;Yes;Cash
36;1618;4;31/10/2023;M;4.8;Yes;2-Day Shipping;Yes;Yes;Cash
991;1884;16;01/11/2023;M;3.9;Yes;Store Pickup;Yes;Yes;Debit Card
3358;4826;8;02/11/2023;S;4.5;Yes;Next Day Air;Yes;Yes;Venmo
517;2913;11;03/11/2023;XL;4.8;Yes;Standard;Yes;Yes;Credit Card
1926;4337;1;04/11/2023;M;2.6;Yes;Store Pickup;Yes;Yes;PayPal
1691;5722;11;05/11/2023;M;3.1;Yes;Express;Yes;Yes;Venmo
3471;5045;3;06/11/2023;XL;4.7;Yes;2-Day Shipping;Yes;Yes;Credit Card
1685;3256;4;07/11/2023;L;2.9;Yes;Next Day Air;Yes;Yes;Debit Card
3358;4191;13;08/11/2023;L;3.8;Yes;Express;Yes;Yes;Credit Card
2483;8885;9;09/11/2023;XL;3.8;Yes;2-Day Shipping;Yes;Yes;Venmo
754;2517;18;10/11/2023;M;3;Yes;Standard;Yes;Yes;Debit Card
897;5518;9;11/11/2023;M;4.1;Yes;Standard;Yes;Yes;Cash
3128;8721;12;12/11/2023;XL;3.4;Yes;Express;Yes;Yes;Bank Transfer
2388;2740;13;13/11/2023;L;2.5;Yes;Express;Yes;Yes;Credit Card
1229;2243;13;14/11/2023;XL;4.9;Yes;Next Day Air;Yes;Yes;Cash
1139;5042;11;15/11/2023;S;2.8;Yes;Standard;Yes;Yes;Venmo
1195;9289;10;16/11/2023;M;4.5;Yes;Express;Yes;Yes;Debit Card
1903;1083;20;17/11/2023;S;4.9;Yes;2-Day Shipping;Yes;Yes;PayPal
1388;8595;2;18/11/2023;M;4.9;Yes;Store Pickup;Yes;Yes;Cash
3503;2479;13;19/11/2023;S;3.5;Yes;Free Shipping;Yes;Yes;Bank Transfer
1327;7534;12;20/11/2023;M;3.5;Yes;Free Shipping;Yes;Yes;Venmo
86;5110;10;21/11/2023;M;4.9;Yes;Free Shipping;Yes;Yes;Credit Card
482;9073;1;10/10/2023;L;3;Yes;Express;Yes;Yes;PayPal
3151;5794;2;11/10/2023;L;2.8;Yes;Next Day Air;Yes;Yes;Cash
511;5016;19;12/10/2023;S;3.7;Yes;Standard;Yes;Yes;Cash
3604;7159;12;13/10/2023;M;3.6;Yes;2-Day Shipping;Yes;Yes;Venmo
3167;4744;2;14/10/2023;L;3.3;Yes;Next Day Air;Yes;Yes;Debit Card
1385;6417;9;15/10/2023;M;3.4;Yes;Free Shipping;Yes;Yes;Cash
377;8359;9;16/10/2023;M;4;Yes;Free Shipping;Yes;Yes;Credit Card
3046;4094;15;17/10/2023;S;4.6;Yes;Free Shipping;Yes;Yes;Bank Transfer
1024;766;10;18/10/2023;M;4.2;Yes;Next Day Air;Yes;Yes;Bank Transfer
1392;6362;18;19/10/2023;M;2.8;Yes;Express;Yes;Yes;Venmo
1033;3444;1;20/10/2023;M;3.7;Yes;2-Day Shipping;Yes;Yes;Bank Transfer
2772;9345;1;21/10/2023;XL;3.4;Yes;Standard;Yes;Yes;Debit Card
1351;9289;20;22/10/2023;XL;3;Yes;Express;Yes;Yes;Bank Transfer
2899;4860;18;23/10/2023;M;4.8;Yes;Standard;Yes;Yes;Venmo
2412;9649;8;24/10/2023;S;4;Yes;Next Day Air;Yes;Yes;Cash
3861;4494;11;25/10/2023;M;4.9;Yes;Next Day Air;Yes;Yes;Cash
1826;7397;17;26/10/2023;M;4.9;Yes;Next Day Air;Yes;Yes;Credit Card
459;9266;7;27/10/2023;M;3.3;Yes;2-Day Shipping;Yes;Yes;Debit Card
3544;2859;11;28/10/2023;L;4.4;Yes;Next Day Air;Yes;Yes;Bank Transfer
2933;8533;13;29/10/2023;L;3.5;Yes;2-Day Shipping;Yes;Yes;PayPal
2650;63;11;30/10/2023;M;4.2;Yes;Standard;Yes;Yes;Venmo
3012;8410;9;31/10/2023;S;4.2;Yes;Standard;Yes;Yes;Credit Card
2602;317;11;01/11/2023;L;2.7;Yes;Standard;Yes;Yes;Venmo
798;6061;15;02/11/2023;S;2.8;Yes;Store Pickup;Yes;Yes;Cash
1951;1831;5;03/11/2023;M;3.8;Yes;Next Day Air;Yes;Yes;Venmo
113;3754;15;04/11/2023;M;2.6;Yes;Free Shipping;Yes;Yes;PayPal
188;1626;18;05/11/2023;XL;3;Yes;2-Day Shipping;Yes;Yes;Credit Card
2884;6448;2;06/11/2023;M;3.3;No;2-Day Shipping;Yes;Yes;Debit Card
1538;6893;4;07/11/2023;L;4.9;No;Express;Yes;Yes;PayPal
13;9265;19;08/11/2023;M;3.3;No;Next Day Air;Yes;Yes;Debit Card
2823;2990;11;09/11/2023;L;2.9;No;2-Day Shipping;Yes;Yes;Venmo
534;379;18;10/11/2023;S;4.4;No;2-Day Shipping;Yes;Yes;Credit Card
2426;5399;1;11/11/2023;L;3.1;No;Next Day Air;Yes;Yes;Bank Transfer
3352;9013;11;12/11/2023;M;2.5;No;Standard;Yes;Yes;Debit Card
1645;172;10;13/11/2023;S;2.6;No;Next Day Air;Yes;Yes;Debit Card
2338;3505;20;14/11/2023;M;4.4;No;Free Shipping;Yes;Yes;Venmo
3344;856;15;15/11/2023;M;2.6;No;Next Day Air;Yes;Yes;Debit Card
274;6935;19;16/11/2023;S;3.3;No;Free Shipping;Yes;Yes;Cash
3174;9541;3;17/11/2023;M;3.5;No;Express;Yes;Yes;Credit Card
1690;5390;5;18/11/2023;XL;4.1;No;Store Pickup;Yes;Yes;PayPal
1219;4631;15;19/11/2023;M;4;No;Store Pickup;Yes;Yes;PayPal
3626;7379;20;20/11/2023;S;2.7;No;2-Day Shipping;Yes;Yes;PayPal
2496;9305;7;21/11/2023;M;2.5;No;Standard;Yes;Yes;Credit Card
1155;5391;2;22/11/2023;XL;4.3;No;Next Day Air;Yes;Yes;Venmo
3436;4914;12;23/11/2023;M;3.3;No;Free Shipping;Yes;Yes;Debit Card
3083;7466;1;24/11/2023;M;2.6;No;Express;Yes;Yes;Credit Card
1163;693;16;25/11/2023;L;3.5;No;Express;Yes;Yes;Debit Card
2697;1578;19;26/11/2023;XL;4;No;Store Pickup;Yes;Yes;Credit Card
2282;3623;15;27/11/2023;S;2.6;No;Standard;Yes;Yes;Bank Transfer
1276;9960;18;28/11/2023;L;4.9;No;Next Day Air;Yes;Yes;Debit Card
1140;1416;9;29/11/2023;L;2.9;No;Standard;Yes;Yes;Venmo
2920;5595;7;30/11/2023;M;3.7;No;Standard;Yes;Yes;PayPal
3292;7387;11;01/12/2023;M;4.4;No;Express;Yes;Yes;Credit Card
1149;1496;10;02/12/2023;S;4.4;No;Free Shipping;Yes;Yes;Bank Transfer
3341;9662;2;03/12/2023;L;3.8;No;Express;Yes;Yes;Cash
1466;3551;12;04/12/2023;XL;4.5;No;Standard;Yes;Yes;Credit Card
2511;4525;1;05/12/2023;XL;2.6;No;Next Day Air;Yes;Yes;Venmo
3354;5096;4;06/12/2023;L;3.3;No;Store Pickup;Yes;Yes;Cash
1069;7432;9;07/12/2023;S;4.1;No;Next Day Air;Yes;Yes;Cash
946;6402;5;08/12/2023;M;3;No;Store Pickup;Yes;Yes;Venmo
1964;3366;4;09/12/2023;M;3;No;Free Shipping;Yes;Yes;PayPal
2669;5216;16;10/12/2023;S;3.4;No;Next Day Air;Yes;Yes;Bank Transfer
1003;980;1;11/12/2023;M;2.7;No;Free Shipping;Yes;Yes;PayPal
2542;9023;10;12/12/2023;M;3.8;No;Next Day Air;Yes;Yes;PayPal
3036;1292;15;13/12/2023;M;4.2;No;Store Pickup;Yes;Yes;Cash
503;1164;19;14/12/2023;L;4.7;No;Store Pickup;Yes;Yes;Credit Card
2005;5405;2;15/12/2023;L;4.1;No;2-Day Shipping;Yes;Yes;Venmo
790;2097;10;16/12/2023;S;4.2;No;2-Day Shipping;Yes;Yes;Venmo
2838;9034;19;17/12/2023;M;4.8;No;Next Day Air;Yes;Yes;Cash
1777;1025;19;18/12/2023;S;3;No;Free Shipping;Yes;Yes;Bank Transfer
1152;1947;5;19/12/2023;S;2.6;No;Standard;Yes;Yes;Credit Card
901;1552;16;20/12/2023;M;3.2;No;Store Pickup;Yes;Yes;Bank Transfer
1835;1045;3;21/12/2023;S;3.6;No;Next Day Air;Yes;Yes;Credit Card
3786;6743;3;22/12/2023;M;2.6;No;Next Day Air;Yes;Yes;Bank Transfer
1253;5283;18;23/12/2023;L;4.4;No;Express;Yes;Yes;Credit Card
1691;2740;8;24/12/2023;XL;3;No;Free Shipping;Yes;Yes;Cash
2461;3351;14;25/12/2023;M;2.9;No;Express;Yes;Yes;Cash
1952;5486;18;26/12/2023;S;4.3;No;Free Shipping;Yes;Yes;Debit Card
2223;3630;11;27/12/2023;M;3.1;No;Express;Yes;Yes;Bank Transfer
2894;2009;2;28/12/2023;S;3;No;Next Day Air;Yes;Yes;Venmo
376;5593;2;01/01/2023;L;3.6;No;Store Pickup;Yes;Yes;Venmo
2161;1174;12;28/12/2022;M;2.8;No;Store Pickup;Yes;Yes;Bank Transfer
2773;9566;2;29/12/2022;M;2.8;No;Standard;Yes;Yes;Cash
2658;154;18;30/12/2022;L;4.9;No;Next Day Air;Yes;Yes;Venmo
1393;8111;1;31/12/2022;L;3;No;Standard;Yes;Yes;Cash
1488;9348;12;01/01/2023;S;4.1;No;Next Day Air;Yes;Yes;Credit Card
1805;5833;15;02/01/2023;XL;4.6;No;Free Shipping;Yes;Yes;PayPal
3212;8306;2;03/01/2023;M;4.8;No;Next Day Air;Yes;Yes;PayPal
2215;7687;13;04/01/2023;L;2.6;No;Next Day Air;Yes;Yes;Bank Transfer
3652;7580;12;05/01/2023;S;4;No;2-Day Shipping;Yes;Yes;Cash
3044;2647;8;06/01/2023;M;4.2;No;Express;Yes;Yes;PayPal
2140;3608;9;07/01/2023;L;4.5;No;Store Pickup;Yes;Yes;Credit Card
755;420;10;08/01/2023;M;4.9;No;Standard;Yes;Yes;PayPal
1945;1953;14;09/01/2023;M;3.1;No;Standard;Yes;Yes;Credit Card
1140;4930;15;10/01/2023;M;4;No;Next Day Air;Yes;Yes;Debit Card
3290;811;11;11/01/2023;XL;3.2;No;Express;Yes;Yes;Cash
3456;670;3;12/01/2023;S;4.3;No;2-Day Shipping;Yes;Yes;Credit Card
1780;1355;10;13/01/2023;S;2.5;No;Store Pickup;Yes;Yes;Cash
3621;9245;6;14/01/2023;M;4.9;No;Express;Yes;Yes;Cash
1586;9459;12;15/01/2023;M;2.7;No;2-Day Shipping;Yes;Yes;Bank Transfer
1612;1525;7;16/01/2023;L;3.4;No;Standard;Yes;Yes;Venmo
2384;7600;16;17/01/2023;XL;4.8;No;Store Pickup;Yes;Yes;Debit Card
321;1032;7;18/01/2023;L;4.7;No;Next Day Air;Yes;Yes;Debit Card
3312;8498;2;19/01/2023;XL;4.7;No;Express;Yes;Yes;Venmo
3384;8331;7;20/01/2023;M;3.9;No;Standard;Yes;Yes;PayPal
73;6346;8;21/01/2023;M;3.7;No;Express;Yes;Yes;Bank Transfer
636;8596;19;22/01/2023;S;4.3;No;Store Pickup;Yes;Yes;Cash
359;5265;20;23/01/2023;XL;4.1;No;2-Day Shipping;Yes;Yes;Cash
2782;6662;11;24/01/2023;M;4.6;No;Express;Yes;Yes;Venmo
3351;3198;17;10/10/2023;L;3.6;No;2-Day Shipping;Yes;Yes;Bank Transfer
2417;7124;1;11/10/2023;S;4.8;No;Free Shipping;Yes;Yes;Cash
1940;4255;1;12/10/2023;XL;2.8;No;2-Day Shipping;Yes;Yes;Bank Transfer
782;7174;16;13/10/2023;M;4.7;No;Express;Yes;Yes;Venmo
2721;1350;11;14/10/2023;L;3.9;No;Standard;Yes;Yes;Debit Card
2742;8961;9;15/10/2023;M;2.6;No;Store Pickup;Yes;Yes;Credit Card
3440;9118;20;16/10/2023;S;4.7;No;Next Day Air;Yes;Yes;PayPal
1812;694;19;17/10/2023;L;3.5;No;Store Pickup;Yes;Yes;Venmo
691;2476;18;18/10/2023;L;4.4;No;Standard;Yes;Yes;PayPal
3405;9784;15;19/10/2023;S;4.4;No;2-Day Shipping;Yes;Yes;Bank Transfer
1322;2982;8;20/10/2023;L;3;No;Express;Yes;Yes;Cash
3892;8756;5;21/10/2023;M;4.2;No;Standard;Yes;Yes;Bank Transfer
3735;2078;2;22/10/2023;XL;4.3;No;Next Day Air;Yes;Yes;Debit Card
1020;8219;8;23/10/2023;M;2.6;No;Store Pickup;Yes;Yes;PayPal
160;9577;2;24/10/2023;L;3.3;No;Store Pickup;Yes;Yes;Venmo
2651;2231;11;25/10/2023;S;2.7;No;Next Day Air;Yes;Yes;Venmo
1508;9867;11;26/10/2023;M;4.2;No;Express;Yes;Yes;Credit Card
337;632;7;27/10/2023;M;4;No;Standard;Yes;Yes;PayPal
816;2421;17;28/10/2023;M;4;No;Free Shipping;Yes;Yes;Bank Transfer
682;6089;14;29/10/2023;L;2.9;No;2-Day Shipping;Yes;Yes;Credit Card
344;1970;18;30/10/2023;S;2.6;No;Express;Yes;Yes;PayPal
2726;8975;18;31/10/2023;M;4.8;No;Express;Yes;Yes;Venmo
1086;4145;6;01/11/2023;M;4.4;No;Standard;Yes;Yes;Cash
2512;7209;15;02/11/2023;L;4;No;2-Day Shipping;Yes;Yes;Bank Transfer
2792;3836;4;03/11/2023;L;3.6;No;2-Day Shipping;Yes;Yes;Venmo
2890;2548;19;04/11/2023;S;3.2;No;Next Day Air;Yes;Yes;Venmo
3619;3152;9;05/11/2023;S;3.1;No;2-Day Shipping;Yes;Yes;PayPal
2837;4407;14;06/11/2023;M;4.2;No;Express;Yes;Yes;PayPal
2944;1824;17;07/11/2023;L;3;No;2-Day Shipping;Yes;Yes;Debit Card
237;3459;19;08/11/2023;M;4.2;No;Standard;Yes;Yes;PayPal
1292;9611;11;09/11/2023;M;2.9;No;Next Day Air;Yes;Yes;Venmo
238;5406;1;10/11/2023;S;3.7;No;Store Pickup;Yes;Yes;Venmo
985;7665;2;11/11/2023;XL;3.6;No;Free Shipping;Yes;Yes;PayPal
2953;2818;17;12/11/2023;L;3.6;No;Standard;Yes;Yes;Debit Card
1662;3952;10;13/11/2023;S;4.5;No;2-Day Shipping;Yes;Yes;Cash
2962;9079;16;14/11/2023;S;3.2;No;Express;Yes;Yes;Cash
1014;6746;8;15/11/2023;M;3.9;No;Next Day Air;Yes;Yes;Debit Card
3126;8713;5;16/11/2023;L;4.6;No;Store Pickup;Yes;Yes;Bank Transfer
3662;9200;16;17/11/2023;M;2.5;No;Express;Yes;Yes;Cash
1982;4221;8;18/11/2023;M;4.3;No;Express;Yes;Yes;Bank Transfer
2136;889;1;19/11/2023;M;4.1;No;Store Pickup;Yes;Yes;PayPal
3717;5769;19;20/11/2023;M;4.6;No;Free Shipping;Yes;Yes;PayPal
3898;5048;20;21/11/2023;M;4.8;No;Standard;Yes;Yes;Debit Card
3795;9952;16;22/11/2023;M;4.9;No;Express;Yes;Yes;Debit Card
3495;3504;4;23/11/2023;M;2.8;No;Free Shipping;Yes;Yes;Bank Transfer
2643;4316;19;24/11/2023;S;4.9;No;Standard;Yes;Yes;Cash
3195;7211;2;25/11/2023;L;3.5;No;Free Shipping;Yes;Yes;Bank Transfer
2657;9735;12;26/11/2023;M;3.8;No;Express;Yes;Yes;PayPal
777;4294;12;27/11/2023;M;4.5;No;2-Day Shipping;Yes;Yes;Credit Card
2859;7349;14;28/11/2023;S;3.4;No;Express;Yes;Yes;Credit Card
3016;3693;14;29/11/2023;M;3.9;No;Standard;Yes;Yes;Credit Card
497;262;17;30/11/2023;M;4.1;No;2-Day Shipping;Yes;Yes;Credit Card
1765;8200;3;01/12/2023;L;3;No;Express;Yes;Yes;Credit Card
3033;2939;2;02/12/2023;M;3.3;No;Next Day Air;Yes;Yes;Credit Card
593;7624;16;03/12/2023;XL;4.9;No;Free Shipping;Yes;Yes;Debit Card
2018;6640;11;04/12/2023;M;4.3;No;Next Day Air;Yes;Yes;Credit Card
2443;1437;7;05/12/2023;L;4.1;No;Free Shipping;Yes;Yes;Venmo
3348;8621;3;06/12/2023;M;4;No;2-Day Shipping;Yes;Yes;Venmo
276;5928;15;07/12/2023;L;5;No;2-Day Shipping;Yes;Yes;Credit Card
3288;6151;14;08/12/2023;S;3.1;No;2-Day Shipping;Yes;Yes;Credit Card
692;6435;1;09/12/2023;M;4;No;2-Day Shipping;Yes;Yes;Venmo
3381;4128;17;10/12/2023;M;3.2;No;2-Day Shipping;Yes;Yes;Bank Transfer
706;1550;5;11/12/2023;L;3.9;No;Standard;Yes;Yes;PayPal
3051;1063;6;12/12/2023;M;3.9;No;2-Day Shipping;Yes;Yes;Cash
550;8162;12;13/12/2023;M;4.5;No;Free Shipping;Yes;Yes;Debit Card
2551;8109;19;14/12/2023;XL;4.4;No;Store Pickup;Yes;Yes;PayPal
1306;9937;2;15/12/2023;XL;3.1;No;2-Day Shipping;Yes;Yes;Venmo
838;1585;14;16/12/2023;S;2.9;No;Standard;Yes;Yes;Venmo
3270;4468;1;17/12/2023;M;3.7;No;Free Shipping;Yes;Yes;Bank Transfer
1934;4029;4;18/12/2023;M;3.2;No;2-Day Shipping;Yes;Yes;Credit Card
429;3231;19;19/12/2023;M;3.5;No;Standard;Yes;Yes;Bank Transfer
1236;4687;14;20/12/2023;S;3;No;Free Shipping;Yes;Yes;Venmo
3106;1348;10;21/12/2023;M;4.1;No;Next Day Air;Yes;Yes;Credit Card
3429;3604;9;22/12/2023;S;2.9;No;2-Day Shipping;Yes;Yes;Debit Card
3314;3803;19;23/12/2023;M;3.8;No;Next Day Air;Yes;Yes;Bank Transfer
3530;3484;16;24/12/2023;M;4.1;No;Next Day Air;Yes;Yes;Cash
3226;1267;17;25/12/2023;M;4.6;No;Store Pickup;Yes;Yes;Venmo
2524;2759;16;26/12/2023;M;2.5;No;Free Shipping;Yes;Yes;Credit Card
2486;4687;19;27/12/2023;XL;3.7;No;Express;Yes;Yes;Debit Card
1066;5313;16;28/12/2023;M;3.8;No;Free Shipping;Yes;Yes;Cash
749;7060;16;01/01/2023;L;2.6;No;2-Day Shipping;Yes;Yes;Credit Card
819;5084;19;28/12/2022;XL;3.7;No;Free Shipping;Yes;Yes;Venmo
1058;8006;2;29/12/2022;XL;2.6;No;Free Shipping;Yes;Yes;Cash
1047;3728;4;30/12/2022;M;3.1;No;Store Pickup;Yes;Yes;Cash
2758;4832;5;31/12/2022;M;2.5;No;Next Day Air;Yes;Yes;Credit Card
283;9336;3;01/01/2023;M;4.9;No;Express;Yes;Yes;Bank Transfer
2691;9819;15;02/01/2023;M;4.5;No;Standard;Yes;Yes;Cash
272;7107;10;03/01/2023;L;3.4;No;Store Pickup;Yes;Yes;Bank Transfer
401;6728;15;04/01/2023;L;3.9;No;Free Shipping;Yes;Yes;Bank Transfer
2932;7592;20;05/01/2023;M;3.7;No;Store Pickup;Yes;Yes;Venmo
1343;1888;13;06/01/2023;S;2.6;No;Free Shipping;Yes;Yes;Debit Card
336;6936;6;07/01/2023;S;3.4;No;Store Pickup;Yes;Yes;Venmo
2518;9951;14;08/01/2023;L;4.9;No;Store Pickup;Yes;Yes;Bank Transfer
3212;7689;2;09/01/2023;S;3.9;No;Express;Yes;Yes;Cash
2399;8431;4;10/01/2023;XL;3.6;No;Express;Yes;Yes;Bank Transfer
3236;5892;13;11/01/2023;L;4.6;No;Standard;Yes;Yes;Venmo
2113;5899;16;12/01/2023;M;4;No;2-Day Shipping;Yes;Yes;Credit Card
2775;8889;10;13/01/2023;M;3.6;No;Free Shipping;Yes;Yes;Debit Card
1378;1109;3;14/01/2023;L;3.5;No;Next Day Air;Yes;Yes;Venmo
2679;1280;18;15/01/2023;M;4.1;No;Store Pickup;Yes;Yes;Bank Transfer
3594;233;1;16/01/2023;M;3;No;Store Pickup;Yes;Yes;PayPal
636;1237;10;17/01/2023;M;4.4;No;Store Pickup;Yes;Yes;Debit Card
3771;5706;14;18/01/2023;S;4.4;No;2-Day Shipping;Yes;Yes;Credit Card
3785;5319;19;19/01/2023;M;3.7;No;Express;Yes;Yes;Venmo
3410;514;19;20/01/2023;XL;4.8;No;Standard;Yes;Yes;Debit Card
2201;2858;11;21/01/2023;L;2.9;No;Store Pickup;Yes;Yes;Debit Card
3351;3817;10;22/01/2023;XL;3.1;No;Express;Yes;Yes;Credit Card
2945;4850;11;23/01/2023;M;4;No;Next Day Air;Yes;Yes;Bank Transfer
1745;9991;20;24/01/2023;S;3;No;Store Pickup;Yes;Yes;Debit Card
3384;5134;7;25/01/2023;S;3.9;No;2-Day Shipping;Yes;Yes;Cash
1076;6380;2;26/01/2023;M;3.4;No;Standard;Yes;Yes;Bank Transfer
3334;6443;18;27/01/2023;M;2.7;No;Standard;Yes;Yes;Cash
2036;7024;6;28/01/2023;M;3.5;No;Express;Yes;Yes;Venmo
614;7239;2;29/01/2023;XL;3;No;Free Shipping;Yes;Yes;Credit Card
1436;8162;2;30/01/2023;M;4.5;No;Express;Yes;Yes;Venmo
863;7484;10;31/01/2023;XL;4.1;No;Free Shipping;Yes;Yes;Cash
3430;8808;10;01/02/2023;XL;5;No;Next Day Air;Yes;Yes;Credit Card
2185;9246;16;02/02/2023;L;4;No;Standard;Yes;Yes;Cash
3536;1404;7;03/02/2023;XL;4.9;No;Express;Yes;Yes;PayPal
898;2738;7;04/02/2023;XL;3.3;No;2-Day Shipping;Yes;Yes;Credit Card
3184;7846;13;05/02/2023;M;4.1;No;Standard;Yes;Yes;Cash
1224;4102;14;06/02/2023;S;3.6;No;Express;Yes;Yes;Cash
3093;494;19;07/02/2023;L;3;No;Free Shipping;Yes;Yes;Cash
3287;9142;17;08/02/2023;XL;4.1;No;2-Day Shipping;Yes;Yes;Debit Card
993;1130;13;09/02/2023;M;3.9;No;Standard;Yes;Yes;Credit Card
3251;4437;19;10/02/2023;XL;4.1;No;Store Pickup;Yes;Yes;Debit Card
1168;8139;6;11/02/2023;L;2.8;No;Next Day Air;Yes;Yes;Credit Card
237;23;18;12/02/2023;L;4.8;No;Store Pickup;Yes;Yes;Venmo
1055;2063;17;13/02/2023;L;4.6;No;2-Day Shipping;Yes;Yes;Credit Card
129;8678;14;14/02/2023;S;2.5;No;Next Day Air;Yes;Yes;Venmo
501;1067;18;15/02/2023;M;2.7;No;Next Day Air;Yes;Yes;Bank Transfer
2746;5219;19;16/02/2023;M;4;No;Standard;Yes;Yes;Debit Card
98;5149;9;17/02/2023;S;2.7;No;Standard;Yes;Yes;Cash
593;4948;4;18/02/2023;XL;2.9;No;Next Day Air;Yes;Yes;Debit Card
2140;8104;16;19/02/2023;M;3;No;Standard;Yes;Yes;PayPal
2035;7159;10;20/02/2023;M;3.3;No;Standard;Yes;Yes;Cash
1133;1865;15;21/02/2023;S;4.3;No;Store Pickup;Yes;Yes;PayPal
2500;7934;19;10/10/2023;M;4.4;No;Express;Yes;Yes;Bank Transfer
1116;5941;20;11/10/2023;L;4.1;No;Next Day Air;Yes;Yes;Credit Card
317;1524;1;12/10/2023;M;3.1;No;2-Day Shipping;Yes;Yes;PayPal
3300;5901;1;13/10/2023;S;4.5;No;Standard;Yes;Yes;PayPal
2667;2263;16;14/10/2023;L;4.8;No;Next Day Air;Yes;Yes;Bank Transfer
3088;7303;18;15/10/2023;L;5;No;Express;Yes;Yes;Venmo
1234;9584;13;16/10/2023;M;2.8;No;Next Day Air;Yes;Yes;Venmo
1785;4610;7;17/10/2023;L;3.7;No;Express;Yes;Yes;Debit Card
1448;8448;15;18/10/2023;L;4.4;No;2-Day Shipping;Yes;Yes;Venmo
2491;3063;14;19/10/2023;M;4.5;No;Store Pickup;Yes;Yes;Venmo
413;6603;6;20/10/2023;L;3;No;Free Shipping;Yes;Yes;Venmo
484;8764;1;21/10/2023;M;3.9;No;2-Day Shipping;Yes;Yes;Debit Card
1086;9373;17;22/10/2023;M;3.9;No;Express;Yes;Yes;PayPal
735;6287;13;23/10/2023;M;3.5;No;Next Day Air;Yes;Yes;Bank Transfer
2350;7410;18;24/10/2023;L;4.9;No;Next Day Air;Yes;Yes;Debit Card
2998;428;11;25/10/2023;XL;3.4;No;Standard;Yes;Yes;PayPal
3774;4253;4;26/10/2023;XL;4.1;No;Standard;Yes;Yes;PayPal
8;4871;2;27/10/2023;M;2.9;No;Next Day Air;Yes;Yes;PayPal
2486;774;17;28/10/2023;M;3.4;No;Free Shipping;Yes;Yes;PayPal
615;9211;5;29/10/2023;S;3.2;No;2-Day Shipping;Yes;Yes;Debit Card
3386;7837;12;30/10/2023;M;3.9;No;Free Shipping;Yes;Yes;Bank Transfer
2618;2340;4;31/10/2023;XL;4.1;No;Standard;Yes;Yes;Debit Card
162;2602;3;01/11/2023;M;4.5;No;Standard;Yes;Yes;Cash
337;8529;11;02/11/2023;M;2.8;No;Standard;Yes;Yes;PayPal
1402;1366;11;03/11/2023;S;2.8;No;Express;Yes;Yes;Cash
3676;988;8;04/11/2023;M;4.6;No;Standard;Yes;Yes;Venmo
2231;4533;12;05/11/2023;S;3;No;Free Shipping;Yes;Yes;Bank Transfer
3446;6284;16;06/11/2023;L;3.6;No;2-Day Shipping;Yes;Yes;Venmo
2517;5170;16;07/11/2023;M;4.5;No;Next Day Air;Yes;Yes;Credit Card
120;7117;6;08/11/2023;M;5;No;Express;Yes;Yes;Debit Card
2023;187;16;09/11/2023;M;2.9;No;Next Day Air;Yes;Yes;Credit Card
2572;9298;18;10/11/2023;L;3.1;No;Next Day Air;Yes;Yes;Credit Card
2297;9956;18;11/11/2023;S;4;No;2-Day Shipping;Yes;Yes;PayPal
2864;7300;19;12/11/2023;XL;4.5;No;Express;Yes;Yes;PayPal
3171;6872;19;13/11/2023;L;4.5;No;Next Day Air;Yes;Yes;PayPal
1359;7644;3;14/11/2023;L;3.1;No;Express;Yes;Yes;PayPal
3342;8332;9;15/11/2023;L;4.4;No;Next Day Air;Yes;Yes;Credit Card
3603;9987;20;16/11/2023;L;4.7;No;Store Pickup;Yes;Yes;Cash
3510;3905;15;17/11/2023;L;3.1;No;Store Pickup;Yes;Yes;Credit Card
1218;2666;7;18/11/2023;M;4.2;No;Express;Yes;Yes;Venmo
1416;3399;17;19/11/2023;M;3;No;Store Pickup;Yes;Yes;Bank Transfer
35;4185;9;20/11/2023;M;2.6;No;Free Shipping;Yes;Yes;Credit Card
1290;2557;6;21/11/2023;S;3.4;No;Free Shipping;Yes;Yes;Debit Card
3334;6737;13;22/11/2023;L;4.2;No;2-Day Shipping;Yes;Yes;Debit Card
2402;9244;20;23/11/2023;S;4.6;No;Standard;Yes;Yes;Debit Card
2081;4265;2;24/11/2023;M;2.8;No;Free Shipping;Yes;Yes;Cash
811;3070;6;25/11/2023;M;2.7;No;Express;Yes;Yes;Credit Card
545;5487;14;26/11/2023;M;4;No;Standard;Yes;Yes;Bank Transfer
1985;1869;7;27/11/2023;XL;3.1;No;Free Shipping;Yes;Yes;Debit Card
3755;4987;9;28/11/2023;L;3.7;No;Express;Yes;Yes;Bank Transfer
3129;8225;14;29/11/2023;M;4;No;Next Day Air;Yes;Yes;Bank Transfer
981;5807;9;30/11/2023;M;4.6;No;Standard;Yes;Yes;Debit Card
857;2319;1;01/12/2023;S;3.8;No;Free Shipping;Yes;Yes;Credit Card
2718;5965;4;02/12/2023;L;3.5;No;Express;Yes;Yes;Cash
285;2042;17;03/12/2023;M;4.6;No;Free Shipping;Yes;Yes;Cash
555;7279;13;04/12/2023;M;2.8;No;Standard;Yes;Yes;Cash
48;3811;18;05/12/2023;M;3.7;No;Standard;Yes;Yes;Bank Transfer
168;1069;4;06/12/2023;M;3.3;No;Express;Yes;Yes;PayPal
3604;8124;6;07/12/2023;M;2.9;No;Standard;Yes;Yes;PayPal
2844;4607;12;08/12/2023;M;3.2;No;Standard;Yes;Yes;PayPal
1161;55;10;09/12/2023;S;4.3;No;Store Pickup;Yes;Yes;Bank Transfer
2850;8212;16;10/12/2023;M;2.7;No;Next Day Air;Yes;Yes;Bank Transfer
2516;4717;17;11/12/2023;S;4.2;No;Store Pickup;Yes;Yes;Venmo
2651;3359;17;12/12/2023;M;4.8;No;2-Day Shipping;Yes;Yes;Credit Card
2471;4646;11;13/12/2023;M;4.8;No;Store Pickup;Yes;Yes;Debit Card
1620;9760;12;14/12/2023;L;3.4;No;Express;Yes;Yes;Credit Card
1145;2215;12;15/12/2023;S;2.6;No;Standard;Yes;Yes;PayPal
1009;8736;17;16/12/2023;L;5;No;Next Day Air;Yes;Yes;Bank Transfer
527;5789;7;17/12/2023;M;4.4;No;Next Day Air;Yes;Yes;Debit Card
1918;6446;1;18/12/2023;XL;2.9;No;Standard;Yes;Yes;Bank Transfer
1588;7490;13;19/12/2023;XL;3.4;No;2-Day Shipping;Yes;Yes;Bank Transfer
889;2801;7;20/12/2023;M;3.4;No;Standard;Yes;Yes;Bank Transfer
3626;1630;4;21/12/2023;S;4.9;No;Next Day Air;Yes;Yes;Cash
1825;311;16;22/12/2023;M;3.6;No;Standard;Yes;Yes;Venmo
2926;5399;17;23/12/2023;L;3;No;Free Shipping;Yes;Yes;Venmo
3035;8034;12;24/12/2023;M;3.9;No;2-Day Shipping;Yes;Yes;Bank Transfer
490;9391;11;25/12/2023;XL;3.2;No;Standard;Yes;Yes;Credit Card
2968;8649;12;26/12/2023;XL;3.2;No;Next Day Air;Yes;Yes;Cash
2332;8265;11;27/12/2023;M;4.3;No;Next Day Air;Yes;Yes;Cash
2317;6849;1;28/12/2023;L;2.8;No;2-Day Shipping;Yes;Yes;Bank Transfer
416;3872;11;01/01/2023;XL;4.5;No;Next Day Air;Yes;Yes;Credit Card
195;8826;4;28/12/2022;M;4.1;No;Next Day Air;Yes;Yes;Cash
402;3089;3;29/12/2022;M;3.6;No;2-Day Shipping;Yes;Yes;Bank Transfer
1574;3723;5;30/12/2022;M;3;No;2-Day Shipping;Yes;Yes;PayPal
3241;6019;15;31/12/2022;M;4;No;Free Shipping;Yes;Yes;Bank Transfer
3388;5679;18;01/01/2023;S;3.5;No;Next Day Air;Yes;Yes;Cash
3425;515;10;02/01/2023;XL;2.5;No;Store Pickup;Yes;Yes;Venmo
1472;2917;6;03/01/2023;S;4.3;No;Store Pickup;Yes;Yes;Bank Transfer
1579;5989;20;04/01/2023;L;2.8;No;Express;Yes;Yes;Bank Transfer
3752;1702;3;05/01/2023;M;3.7;No;Next Day Air;Yes;Yes;Debit Card
2546;8652;8;06/01/2023;M;4.3;No;Express;Yes;Yes;Cash
476;9300;12;07/01/2023;L;4;No;Express;Yes;Yes;PayPal
3173;4875;8;08/01/2023;L;4.7;No;Express;Yes;Yes;Cash
1402;1682;18;09/01/2023;M;4.5;No;Store Pickup;Yes;Yes;Bank Transfer
3864;7244;13;10/01/2023;M;3.1;No;Free Shipping;Yes;Yes;Credit Card
3633;6634;3;11/01/2023;S;3.8;No;Express;Yes;Yes;Cash
3201;4419;6;12/01/2023;L;4.9;No;Express;Yes;Yes;Cash
3746;3953;3;13/01/2023;M;3.2;No;Standard;Yes;Yes;Venmo
453;338;5;14/01/2023;L;2.9;No;2-Day Shipping;Yes;Yes;Bank Transfer
237;3293;7;15/01/2023;M;2.8;No;Store Pickup;Yes;Yes;Credit Card
1325;2744;19;16/01/2023;M;4;No;2-Day Shipping;Yes;Yes;PayPal
1086;2059;3;17/01/2023;L;2.6;No;Store Pickup;Yes;Yes;Cash
850;4306;13;18/01/2023;M;2.7;No;Free Shipping;Yes;Yes;Bank Transfer
567;2666;7;19/01/2023;L;4.1;No;2-Day Shipping;Yes;Yes;Credit Card
245;7599;13;20/01/2023;L;5;No;Free Shipping;Yes;Yes;PayPal
11;7429;18;21/01/2023;L;3;No;Next Day Air;Yes;Yes;Venmo
2071;9126;8;22/01/2023;XL;3.6;No;Free Shipping;Yes;Yes;Venmo
2297;2340;16;23/01/2023;L;2.8;No;2-Day Shipping;Yes;Yes;Venmo
1633;3925;16;24/01/2023;S;4.6;No;Standard;Yes;Yes;Cash
771;3706;9;10/10/2023;L;2.9;No;Standard;Yes;Yes;Venmo
1455;7831;5;11/10/2023;L;4.8;No;Express;Yes;Yes;Bank Transfer
2017;9989;16;12/10/2023;M;3.3;No;Express;Yes;Yes;Venmo
1260;255;4;13/10/2023;M;4.6;No;Standard;Yes;Yes;Bank Transfer
1983;7959;11;14/10/2023;M;2.6;No;Store Pickup;Yes;Yes;Bank Transfer
1187;3578;5;15/10/2023;M;4;No;Next Day Air;Yes;Yes;Debit Card
321;8875;1;16/10/2023;M;3.8;No;Standard;Yes;Yes;Credit Card
1527;4913;9;17/10/2023;M;3.9;No;Express;Yes;Yes;Cash
1250;1840;18;18/10/2023;L;2.6;No;Store Pickup;Yes;Yes;Debit Card
3809;9029;16;19/10/2023;M;4.3;No;Standard;Yes;Yes;Debit Card
1725;9460;11;20/10/2023;S;3.6;No;Express;Yes;Yes;Credit Card
122;9185;16;21/10/2023;M;4.2;No;Express;Yes;Yes;Venmo
1777;1982;17;22/10/2023;L;3.9;No;Express;Yes;Yes;PayPal
2426;6389;14;23/10/2023;L;4.7;No;Next Day Air;Yes;Yes;Cash
1785;5405;16;24/10/2023;L;2.8;No;Next Day Air;Yes;Yes;PayPal
724;3373;10;25/10/2023;XL;3;No;Next Day Air;Yes;Yes;Debit Card
3239;6150;8;26/10/2023;S;4.7;No;Store Pickup;Yes;Yes;PayPal
3092;1161;5;27/10/2023;M;2.5;No;Free Shipping;Yes;Yes;Credit Card
956;1607;14;28/10/2023;M;3.1;No;Store Pickup;Yes;Yes;Venmo
2101;1684;12;29/10/2023;M;3.6;No;Next Day Air;Yes;Yes;Credit Card
1651;4002;8;30/10/2023;M;3.5;No;2-Day Shipping;Yes;Yes;PayPal
2159;1622;9;31/10/2023;L;3.1;No;Express;Yes;Yes;PayPal
1050;8473;2;01/11/2023;M;3.6;No;Store Pickup;Yes;Yes;Credit Card
1384;9332;18;02/11/2023;M;3.5;No;Next Day Air;Yes;Yes;Debit Card
5;4112;8;03/11/2023;M;2.7;No;Store Pickup;Yes;Yes;Credit Card
2059;4199;11;04/11/2023;L;3.6;No;Express;Yes;Yes;Debit Card
3429;2978;9;05/11/2023;XL;4.5;No;Express;Yes;Yes;Credit Card
158;3911;5;06/11/2023;M;4.1;No;Free Shipping;Yes;Yes;Venmo
3277;8783;1;07/11/2023;M;4.2;No;Standard;Yes;Yes;Cash
1154;3236;5;08/11/2023;M;4;No;Store Pickup;Yes;Yes;Debit Card
2940;8161;16;09/11/2023;L;2.8;No;Store Pickup;Yes;Yes;Venmo
3382;3786;7;10/11/2023;M;2.6;No;2-Day Shipping;Yes;Yes;Venmo
26;1672;3;11/11/2023;S;2.7;No;Store Pickup;Yes;Yes;Bank Transfer
3557;4261;15;12/11/2023;M;4.5;No;Store Pickup;Yes;Yes;Credit Card
3732;2692;18;13/11/2023;M;3.7;No;Free Shipping;Yes;Yes;Credit Card
1446;3254;15;14/11/2023;L;3.4;No;Free Shipping;Yes;Yes;Cash
792;2210;2;15/11/2023;S;4.6;No;Standard;Yes;Yes;Debit Card
1882;6443;5;16/11/2023;M;4.1;No;2-Day Shipping;Yes;Yes;Venmo
3489;5727;15;17/11/2023;M;2.6;No;Free Shipping;Yes;Yes;Debit Card
3787;7042;19;18/11/2023;XL;4.6;No;Store Pickup;Yes;Yes;PayPal
2722;3224;18;19/11/2023;S;3;No;Standard;Yes;Yes;Bank Transfer
3550;2882;4;20/11/2023;L;3.4;No;Free Shipping;Yes;Yes;PayPal
3232;4652;14;21/11/2023;S;3.5;No;Free Shipping;Yes;Yes;Venmo
2467;3742;20;22/11/2023;S;3.5;No;Standard;Yes;Yes;Bank Transfer
3703;8030;11;23/11/2023;S;3.7;No;Next Day Air;Yes;Yes;Credit Card
472;6137;16;24/11/2023;M;4.8;No;Free Shipping;Yes;Yes;PayPal
2537;7317;4;25/11/2023;S;4.9;No;Store Pickup;Yes;Yes;Credit Card
448;225;3;26/11/2023;S;4.9;No;Express;Yes;Yes;PayPal
3635;2705;3;27/11/2023;L;4.7;No;Standard;Yes;Yes;Credit Card
1277;3987;6;28/11/2023;S;4.9;No;Free Shipping;Yes;Yes;Credit Card
3534;7511;15;29/11/2023;M;2.9;No;Express;Yes;Yes;Venmo
1739;5948;20;30/11/2023;L;4.4;No;Express;Yes;Yes;Debit Card
932;7354;1;01/12/2023;L;3.2;No;Next Day Air;Yes;Yes;Debit Card
3063;7644;14;02/12/2023;L;4.6;No;Free Shipping;Yes;Yes;Debit Card
996;5325;13;03/12/2023;XL;4;No;Standard;Yes;Yes;Cash
1116;9362;13;04/12/2023;M;3.7;No;Free Shipping;Yes;Yes;PayPal
1910;7829;1;05/12/2023;XL;4.2;No;Free Shipping;Yes;Yes;Cash
336;8374;1;06/12/2023;M;2.9;No;Standard;Yes;Yes;Debit Card
2968;9657;18;07/12/2023;M;4.8;No;Next Day Air;Yes;Yes;Cash
3563;8523;10;08/12/2023;M;4.4;No;Standard;Yes;Yes;Venmo
2395;7716;1;09/12/2023;S;3.4;No;Free Shipping;Yes;Yes;Venmo
653;7629;4;10/12/2023;S;2.8;No;2-Day Shipping;Yes;Yes;Credit Card
736;9118;15;11/12/2023;L;4.2;No;Next Day Air;Yes;Yes;Cash
1075;8517;1;12/12/2023;L;3.8;No;Express;Yes;Yes;Cash
1934;8469;6;13/12/2023;M;3.1;No;2-Day Shipping;Yes;Yes;Credit Card
2010;4070;11;14/12/2023;XL;3.2;No;Express;Yes;Yes;Credit Card
2090;1046;11;15/12/2023;S;3;No;Next Day Air;Yes;Yes;PayPal
2381;8204;7;16/12/2023;M;3.6;No;Free Shipping;Yes;Yes;Credit Card
1776;6668;9;17/12/2023;L;2.5;No;Store Pickup;Yes;Yes;Cash
1674;9878;12;18/12/2023;S;3.4;No;Free Shipping;Yes;Yes;Cash
237;6059;6;19/12/2023;M;2.5;No;Next Day Air;Yes;Yes;PayPal
2000;9889;18;20/12/2023;L;4.7;No;2-Day Shipping;Yes;Yes;Bank Transfer
3669;6019;11;21/12/2023;S;3.2;No;2-Day Shipping;Yes;Yes;Bank Transfer
2437;5100;10;22/12/2023;L;2.9;No;Free Shipping;Yes;Yes;Credit Card
3263;1182;7;23/12/2023;L;4.9;No;Express;Yes;Yes;PayPal
3799;2327;9;24/12/2023;S;2.7;No;Store Pickup;Yes;Yes;PayPal
1413;6770;8;25/12/2023;S;4.7;No;Express;Yes;Yes;Venmo
3828;6548;12;26/12/2023;M;2.9;No;2-Day Shipping;Yes;Yes;Venmo
3367;8469;8;27/12/2023;L;4.8;No;Express;Yes;Yes;Venmo
2007;7478;19;28/12/2023;L;4.6;No;Standard;Yes;Yes;Venmo
212;1519;3;01/01/2023;S;5;No;2-Day Shipping;Yes;Yes;Venmo
2492;5533;20;28/12/2022;S;4.8;No;2-Day Shipping;Yes;Yes;Venmo
3178;6589;6;29/12/2022;M;4.9;No;Store Pickup;Yes;Yes;Bank Transfer
2118;7454;12;30/12/2022;M;4.6;No;2-Day Shipping;Yes;Yes;Bank Transfer
3122;5730;4;31/12/2022;XL;3.9;No;Store Pickup;Yes;Yes;Cash
1035;4398;12;01/01/2023;M;4.5;No;Store Pickup;Yes;Yes;PayPal
1662;6126;7;02/01/2023;XL;4.7;No;Store Pickup;Yes;Yes;Debit Card
438;7860;1;03/01/2023;S;3.9;No;Express;Yes;Yes;Cash
3605;5677;13;04/01/2023;M;4.4;No;Standard;Yes;Yes;PayPal
3531;332;11;05/01/2023;M;3.9;No;Next Day Air;Yes;Yes;Cash
3766;4501;7;06/01/2023;S;2.8;No;2-Day Shipping;Yes;Yes;Venmo
3635;4801;13;07/01/2023;L;3.5;No;Store Pickup;Yes;Yes;Cash
3179;9209;8;08/01/2023;M;4.3;No;Express;Yes;Yes;Credit Card
1378;3344;19;09/01/2023;S;3.9;No;Next Day Air;Yes;Yes;Credit Card
1673;1654;9;10/01/2023;M;4;No;Express;Yes;Yes;Cash
3157;5933;17;11/01/2023;M;4.1;No;Next Day Air;Yes;Yes;Credit Card
185;6113;19;12/01/2023;XL;4.3;No;Standard;Yes;Yes;PayPal
1117;5949;16;13/01/2023;M;4.2;No;Free Shipping;Yes;Yes;Venmo
144;6646;14;14/01/2023;L;4;No;Standard;Yes;Yes;Bank Transfer
2848;6937;3;15/01/2023;M;3.6;No;Express;Yes;Yes;Cash
2896;1254;19;16/01/2023;S;3.3;No;Standard;Yes;Yes;PayPal
3465;4610;19;17/01/2023;S;4.1;No;2-Day Shipping;Yes;Yes;Bank Transfer
2188;8929;13;18/01/2023;S;4.7;No;Next Day Air;Yes;Yes;Debit Card
60;6308;19;19/01/2023;M;4.4;No;Store Pickup;Yes;Yes;Venmo
777;6477;10;20/01/2023;L;3.4;No;Standard;Yes;Yes;Cash
2270;7550;5;21/01/2023;S;5;No;Free Shipping;Yes;Yes;Venmo
1025;1943;15;22/01/2023;L;4.6;No;Store Pickup;Yes;Yes;PayPal
1492;5397;2;23/01/2023;L;4;No;Standard;Yes;Yes;Credit Card
413;2168;4;24/01/2023;XL;4.1;No;Next Day Air;Yes;Yes;Venmo
3302;6592;20;25/01/2023;L;4.9;No;Express;Yes;Yes;Venmo
2642;5352;5;26/01/2023;S;2.7;No;Free Shipping;Yes;Yes;Bank Transfer
1439;5699;16;27/01/2023;M;4.5;No;Free Shipping;Yes;Yes;Venmo
3374;2606;6;28/01/2023;S;2.7;No;Standard;Yes;Yes;Credit Card
1179;9506;15;29/01/2023;M;3;No;Next Day Air;Yes;Yes;Bank Transfer
1726;9665;14;30/01/2023;M;4.5;No;Next Day Air;Yes;Yes;PayPal
2887;3169;4;31/01/2023;M;5;No;Standard;Yes;Yes;Venmo
1305;707;3;01/02/2023;S;3.8;No;2-Day Shipping;Yes;Yes;Debit Card
696;7743;11;02/02/2023;M;3.1;No;Standard;Yes;Yes;Venmo
2904;7168;11;10/10/2023;S;3.4;No;Free Shipping;Yes;Yes;Credit Card
854;1687;19;11/10/2023;L;4.8;No;Next Day Air;Yes;Yes;Debit Card
537;9041;2;12/10/2023;XL;2.7;No;Standard;Yes;Yes;Debit Card
3591;1518;19;13/10/2023;M;3.2;No;Store Pickup;Yes;Yes;Cash
1280;7208;15;14/10/2023;M;3.9;No;2-Day Shipping;Yes;Yes;Cash
3806;7573;18;15/10/2023;M;4.2;No;Next Day Air;Yes;Yes;Bank Transfer
3643;42;20;16/10/2023;M;3;No;Express;Yes;Yes;Cash
526;7443;20;17/10/2023;L;3;No;2-Day Shipping;Yes;Yes;PayPal
500;6156;17;18/10/2023;S;3.7;No;2-Day Shipping;Yes;Yes;Venmo
1199;580;6;19/10/2023;L;4.4;No;Store Pickup;Yes;Yes;Cash
1793;63;19;20/10/2023;XL;4.6;No;Free Shipping;Yes;Yes;Debit Card
103;2591;18;21/10/2023;XL;3;No;Free Shipping;Yes;Yes;Venmo
2044;5170;17;22/10/2023;M;3.6;No;Express;Yes;Yes;Credit Card
3644;8197;16;23/10/2023;L;3.9;No;Standard;Yes;Yes;PayPal
2033;9439;4;24/10/2023;M;4.1;No;Free Shipping;Yes;Yes;Cash
156;9489;3;25/10/2023;L;3.9;No;2-Day Shipping;Yes;Yes;Venmo
834;3940;7;26/10/2023;S;3.9;No;2-Day Shipping;Yes;Yes;Cash
1027;1643;16;27/10/2023;L;4.5;No;Express;Yes;Yes;Bank Transfer
1129;8824;20;28/10/2023;M;3.4;No;Standard;Yes;Yes;Cash
1681;1195;17;29/10/2023;M;4.1;No;Next Day Air;Yes;Yes;Venmo
3151;1034;2;30/10/2023;L;4.9;No;Next Day Air;Yes;Yes;PayPal
1654;9371;3;31/10/2023;M;4.4;No;2-Day Shipping;Yes;Yes;Cash
2360;6071;7;01/11/2023;M;2.7;No;2-Day Shipping;Yes;Yes;Bank Transfer
2930;5216;11;02/11/2023;L;4.8;No;Free Shipping;Yes;Yes;Debit Card
3195;9976;6;03/11/2023;M;3.3;No;2-Day Shipping;Yes;Yes;Debit Card
635;2425;3;04/11/2023;L;4.4;No;Free Shipping;Yes;Yes;Cash
274;7714;6;05/11/2023;M;4.6;No;2-Day Shipping;Yes;Yes;Cash
1802;7067;1;06/11/2023;L;3.1;No;Next Day Air;Yes;Yes;PayPal
2326;1240;10;07/11/2023;L;4.5;No;2-Day Shipping;Yes;Yes;Debit Card
2746;4887;5;08/11/2023;S;4;No;Store Pickup;Yes;Yes;Venmo
3615;1211;3;09/11/2023;M;3.1;No;Free Shipping;Yes;Yes;Credit Card
2747;8010;10;10/11/2023;M;3.9;No;Next Day Air;Yes;Yes;Bank Transfer
3830;4391;20;11/11/2023;S;4.5;No;Next Day Air;Yes;Yes;PayPal
585;6496;17;12/11/2023;S;4.4;No;Next Day Air;Yes;Yes;PayPal
3512;2813;2;13/11/2023;M;3.6;No;2-Day Shipping;Yes;Yes;Bank Transfer
2298;5596;20;14/11/2023;M;3.4;No;Free Shipping;Yes;Yes;Venmo
1931;6082;18;15/11/2023;S;4;No;2-Day Shipping;Yes;Yes;Venmo
2954;2475;17;16/11/2023;M;2.6;No;Store Pickup;Yes;Yes;Cash
2149;6251;4;17/11/2023;L;3.2;No;Next Day Air;Yes;Yes;Venmo
87;8930;6;18/11/2023;L;3.2;No;Standard;Yes;Yes;Venmo
391;3821;10;19/11/2023;M;5;No;2-Day Shipping;Yes;Yes;Cash
211;3554;6;20/11/2023;M;2.9;No;Next Day Air;Yes;Yes;Bank Transfer
1380;2348;10;21/11/2023;S;2.9;No;Store Pickup;Yes;Yes;Cash
2959;2385;3;22/11/2023;M;3.5;No;Next Day Air;Yes;Yes;PayPal
2772;8695;1;23/11/2023;M;4;No;Standard;Yes;Yes;Venmo
2265;6879;16;24/11/2023;M;3.9;No;Standard;Yes;Yes;Debit Card
2033;1475;7;25/11/2023;M;4.9;No;Store Pickup;Yes;Yes;Bank Transfer
3301;7188;14;26/11/2023;XL;3.8;No;Express;Yes;Yes;Bank Transfer
2741;3573;2;27/11/2023;L;3.5;No;Standard;Yes;Yes;Cash
3414;352;20;28/11/2023;M;3.7;No;Store Pickup;Yes;Yes;Bank Transfer
665;5104;8;29/11/2023;M;2.9;No;2-Day Shipping;Yes;Yes;Debit Card
2726;1924;6;30/11/2023;S;2.8;No;Free Shipping;Yes;Yes;Bank Transfer
1712;7945;2;01/12/2023;M;3.7;No;2-Day Shipping;Yes;Yes;Credit Card
2118;2953;9;02/12/2023;L;3;No;Express;Yes;Yes;Credit Card
3715;5655;15;03/12/2023;M;4.8;No;Free Shipping;Yes;Yes;Debit Card
1649;9521;2;04/12/2023;S;2.7;No;Standard;Yes;Yes;Cash
1539;7058;19;05/12/2023;S;4.5;No;Free Shipping;Yes;Yes;Cash
2936;8536;15;06/12/2023;M;2.7;No;Standard;Yes;Yes;Credit Card
1956;5416;13;07/12/2023;L;3.5;No;Next Day Air;Yes;Yes;PayPal
3620;3683;8;08/12/2023;XL;3.5;No;Express;Yes;Yes;Credit Card
1086;2989;8;09/12/2023;L;4.5;No;Store Pickup;Yes;Yes;PayPal
2434;8993;3;10/12/2023;M;3.8;No;Free Shipping;Yes;Yes;Debit Card
183;2236;6;11/12/2023;M;3.8;No;Standard;Yes;Yes;Bank Transfer
1890;2328;4;12/12/2023;M;3.2;No;Next Day Air;Yes;Yes;Venmo
3511;9673;5;13/12/2023;M;4.3;No;Next Day Air;Yes;Yes;Cash
2705;6902;3;14/12/2023;XL;4.5;No;Next Day Air;Yes;Yes;Debit Card
1745;9474;6;15/12/2023;L;4.2;No;Free Shipping;Yes;Yes;PayPal
486;7433;5;16/12/2023;S;3;No;Free Shipping;Yes;Yes;Cash
3463;6120;3;17/12/2023;M;4.1;No;Standard;Yes;Yes;Cash
2447;5320;18;18/12/2023;L;4.6;No;Store Pickup;Yes;Yes;Debit Card
2465;8988;7;19/12/2023;M;2.9;No;Standard;Yes;Yes;Debit Card
611;8826;7;20/12/2023;L;4.8;No;Next Day Air;Yes;Yes;Bank Transfer
2659;8646;19;21/12/2023;L;4.5;No;Next Day Air;Yes;Yes;Bank Transfer
52;5459;3;22/12/2023;L;3.4;No;2-Day Shipping;Yes;Yes;Debit Card
1275;5771;14;23/12/2023;L;4.3;No;2-Day Shipping;Yes;Yes;Debit Card
3273;2462;5;24/12/2023;S;4.2;No;Free Shipping;Yes;Yes;PayPal
1851;5326;2;25/12/2023;M;3.6;No;Next Day Air;Yes;Yes;Cash
1895;6611;2;26/12/2023;M;3.7;No;2-Day Shipping;Yes;Yes;PayPal
2149;4035;10;27/12/2023;S;4;No;Standard;Yes;Yes;Venmo
3039;9992;6;28/12/2023;S;4.9;No;2-Day Shipping;Yes;Yes;PayPal
3260;296;14;01/01/2023;M;3.1;No;Free Shipping;Yes;Yes;Bank Transfer
3646;2992;20;28/12/2022;L;3.7;No;Standard;Yes;Yes;Cash
2883;4722;5;29/12/2022;L;4.2;No;Free Shipping;Yes;Yes;Cash
3093;6546;18;30/12/2022;L;2.5;No;Next Day Air;Yes;Yes;Cash
818;5591;9;31/12/2022;XL;4.3;No;Next Day Air;Yes;Yes;Venmo
2235;3921;15;01/01/2023;S;3.1;No;Store Pickup;Yes;Yes;Credit Card
82;6292;5;02/01/2023;M;3;No;Next Day Air;Yes;Yes;Debit Card
3254;9502;16;03/01/2023;M;4;No;Express;Yes;Yes;Bank Transfer
2030;6138;5;04/01/2023;M;3.5;No;Free Shipping;Yes;Yes;Credit Card
2975;1063;10;05/01/2023;L;3.2;No;Next Day Air;Yes;Yes;Venmo
2922;2618;16;06/01/2023;M;2.7;No;Store Pickup;Yes;Yes;Cash
644;1657;8;07/01/2023;S;3;No;Free Shipping;Yes;Yes;PayPal
2753;6943;6;08/01/2023;L;2.9;No;Next Day Air;Yes;Yes;PayPal
1311;732;12;09/01/2023;M;3.3;No;Free Shipping;Yes;Yes;Bank Transfer
3721;5881;4;10/01/2023;M;4.9;No;2-Day Shipping;Yes;Yes;Bank Transfer
1853;6763;11;11/01/2023;XL;3.7;No;Store Pickup;Yes;Yes;Cash
3039;7972;13;12/01/2023;S;3.5;No;Standard;Yes;Yes;Debit Card
2787;8455;18;13/01/2023;S;4.7;No;Store Pickup;Yes;Yes;Debit Card
2617;7645;17;14/01/2023;XL;2.6;No;Store Pickup;Yes;Yes;Bank Transfer
1026;3659;18;15/01/2023;M;4.1;No;Express;Yes;Yes;Venmo
827;9880;17;16/01/2023;M;2.8;No;2-Day Shipping;Yes;Yes;Debit Card
2580;573;5;17/01/2023;S;4.7;No;Next Day Air;Yes;Yes;PayPal
1434;2715;19;18/01/2023;XL;2.9;No;Store Pickup;Yes;Yes;Credit Card
2823;19;20;19/01/2023;S;2.8;No;Free Shipping;Yes;Yes;Venmo
2983;6278;10;20/01/2023;L;4.3;No;Next Day Air;Yes;Yes;Debit Card
1712;1163;20;21/01/2023;M;4.8;No;2-Day Shipping;Yes;Yes;Credit Card
2183;9564;16;22/01/2023;M;3.4;No;Next Day Air;Yes;Yes;Credit Card
3299;1366;5;23/01/2023;S;4.3;No;Standard;Yes;Yes;PayPal
2186;755;13;24/01/2023;S;2.7;No;Free Shipping;Yes;Yes;Debit Card
744;6744;4;10/10/2023;XL;4.6;No;Next Day Air;Yes;Yes;Bank Transfer
1527;6064;18;11/10/2023;S;4.1;No;Standard;Yes;Yes;Venmo
839;2397;4;12/10/2023;L;3.4;No;2-Day Shipping;Yes;Yes;PayPal
1696;1526;3;13/10/2023;L;4.5;No;Next Day Air;Yes;Yes;Debit Card
2100;2253;15;14/10/2023;M;4.4;No;Standard;Yes;Yes;Venmo
2545;3093;6;15/10/2023;S;4;No;Next Day Air;Yes;Yes;Credit Card
2770;8276;8;16/10/2023;S;3.4;No;Free Shipping;Yes;Yes;Cash
2486;645;15;17/10/2023;M;3.2;No;Standard;Yes;Yes;Cash
1978;5703;17;18/10/2023;M;3.4;No;Standard;Yes;Yes;Cash
3238;1762;12;19/10/2023;M;4.3;No;Standard;Yes;Yes;Credit Card
2;297;17;20/10/2023;L;5;No;Standard;Yes;Yes;Debit Card
2138;6697;16;21/10/2023;L;3.5;No;Store Pickup;Yes;Yes;Venmo
683;9052;5;22/10/2023;M;3.1;No;2-Day Shipping;Yes;Yes;PayPal
849;7514;12;23/10/2023;L;3.9;No;2-Day Shipping;Yes;Yes;Debit Card
2394;1414;6;24/10/2023;S;4;No;Store Pickup;Yes;Yes;Bank Transfer
2171;342;19;25/10/2023;M;3.5;No;Next Day Air;Yes;Yes;Debit Card
459;6304;17;26/10/2023;M;3.6;No;Free Shipping;Yes;Yes;PayPal
3843;2612;20;27/10/2023;L;3;No;Next Day Air;Yes;Yes;PayPal
3625;3815;1;28/10/2023;L;2.6;No;Next Day Air;Yes;Yes;Credit Card
103;6141;8;29/10/2023;M;2.9;No;Next Day Air;Yes;Yes;Credit Card
3259;1809;15;30/10/2023;S;3.1;No;Next Day Air;Yes;Yes;Cash
3183;3546;15;31/10/2023;S;3.3;No;Next Day Air;Yes;Yes;Venmo
912;8346;5;01/11/2023;M;2.9;No;Store Pickup;Yes;Yes;Venmo
1148;7829;11;02/11/2023;L;3.9;No;2-Day Shipping;Yes;Yes;Bank Transfer
1556;3943;5;03/11/2023;S;4.7;No;2-Day Shipping;Yes;Yes;Debit Card
1086;4907;4;04/11/2023;M;4.4;No;2-Day Shipping;Yes;Yes;Debit Card
832;8303;7;05/11/2023;S;3.6;No;Store Pickup;Yes;Yes;Cash
1057;3575;7;06/11/2023;L;3.2;No;Standard;Yes;Yes;Cash
1544;774;4;07/11/2023;L;4;No;Free Shipping;Yes;Yes;Cash
2114;6275;19;08/11/2023;M;3.5;No;Next Day Air;Yes;Yes;Venmo
952;2230;12;09/11/2023;M;4.6;No;Free Shipping;Yes;Yes;Venmo
1262;3539;20;10/11/2023;L;3.3;No;Free Shipping;Yes;Yes;PayPal
1690;843;4;11/11/2023;S;4;No;2-Day Shipping;Yes;Yes;PayPal
425;884;5;12/11/2023;L;3.4;No;Free Shipping;Yes;Yes;Bank Transfer
3835;392;20;13/11/2023;M;4.2;No;Store Pickup;Yes;Yes;PayPal
2765;5370;19;14/11/2023;L;3.9;No;2-Day Shipping;Yes;Yes;PayPal
525;6497;18;15/11/2023;S;3.9;No;Next Day Air;Yes;Yes;Debit Card
1722;3889;11;16/11/2023;L;2.8;No;Standard;Yes;Yes;Venmo
1414;5123;19;17/11/2023;S;3.7;No;Standard;Yes;Yes;Bank Transfer
1261;4433;9;18/11/2023;M;4.9;No;Store Pickup;Yes;Yes;Debit Card
2570;5406;2;19/11/2023;M;2.6;No;Express;Yes;Yes;Credit Card
1586;1540;18;20/11/2023;M;4.9;No;Free Shipping;Yes;Yes;Credit Card
1;9914;16;21/11/2023;M;3.4;No;Next Day Air;Yes;Yes;Credit Card
2393;2231;10;22/11/2023;M;3.9;No;Standard;Yes;Yes;Debit Card
2059;7657;14;23/11/2023;M;4;No;Next Day Air;Yes;Yes;Bank Transfer
3441;3268;20;24/11/2023;L;3;No;2-Day Shipping;Yes;Yes;Debit Card
229;3779;2;25/11/2023;L;2.6;No;Store Pickup;Yes;Yes;Credit Card
2249;6431;7;26/11/2023;L;3.2;No;Next Day Air;Yes;Yes;PayPal
1363;7402;9;27/11/2023;L;2.6;No;2-Day Shipping;Yes;Yes;PayPal
3444;1622;10;28/11/2023;L;3.2;No;Store Pickup;Yes;Yes;Debit Card
3194;7987;5;29/11/2023;S;4.1;No;Store Pickup;Yes;Yes;Cash
543;3783;14;30/11/2023;M;3.9;No;Next Day Air;Yes;Yes;Venmo
2696;865;12;01/12/2023;L;4.1;No;Standard;Yes;Yes;Venmo
2113;8014;1;02/12/2023;S;2.7;No;2-Day Shipping;Yes;Yes;Debit Card
574;1958;8;03/12/2023;M;4.6;No;Free Shipping;Yes;Yes;Debit Card
2356;4948;8;04/12/2023;XL;3.5;No;Standard;Yes;Yes;Cash
1198;1026;14;05/12/2023;M;5;No;Next Day Air;Yes;Yes;PayPal
1852;8438;20;06/12/2023;L;3.4;No;Next Day Air;Yes;Yes;Venmo
2327;5308;17;07/12/2023;M;3.1;No;Store Pickup;Yes;Yes;PayPal
251;1493;14;08/12/2023;L;3.4;No;2-Day Shipping;Yes;Yes;Bank Transfer
477;3205;13;09/12/2023;L;4;No;Standard;Yes;Yes;Debit Card
1626;9411;7;10/12/2023;L;2.7;No;Store Pickup;Yes;Yes;Bank Transfer
2460;7059;16;11/12/2023;L;3.6;No;Free Shipping;Yes;Yes;Cash
1579;6106;3;12/12/2023;M;4;No;Free Shipping;Yes;Yes;Bank Transfer
3840;2847;14;13/12/2023;L;3.8;No;Free Shipping;Yes;Yes;Venmo
194;5097;12;14/12/2023;M;3.4;No;Next Day Air;Yes;Yes;Venmo
1180;3157;1;15/12/2023;M;3.2;No;Free Shipping;Yes;Yes;Debit Card
2733;6365;20;16/12/2023;M;4.7;No;Next Day Air;Yes;Yes;Credit Card
2673;7619;15;17/12/2023;M;3.1;No;Next Day Air;Yes;Yes;Bank Transfer
2364;2365;7;18/12/2023;L;3.3;No;Next Day Air;No;No;Debit Card
2490;4719;5;19/12/2023;S;4.8;No;2-Day Shipping;No;No;Venmo
3898;872;16;20/12/2023;S;4.5;No;Next Day Air;No;No;Debit Card
702;4716;20;21/12/2023;M;3.4;No;Store Pickup;No;No;Credit Card
1011;5433;6;22/12/2023;L;3.7;No;2-Day Shipping;No;No;Credit Card
218;8812;8;23/12/2023;M;4.9;No;2-Day Shipping;No;No;Credit Card
140;8499;15;24/12/2023;S;3.5;No;Next Day Air;No;No;Venmo
3660;1355;3;25/12/2023;M;4.6;No;Standard;No;No;PayPal
2352;2894;10;26/12/2023;M;4.6;No;Standard;No;No;PayPal
132;8649;8;27/12/2023;L;4.2;No;Store Pickup;No;No;Cash
2209;3772;15;28/12/2023;S;3.7;No;Free Shipping;No;No;PayPal
2501;4984;8;01/01/2023;S;3;No;Next Day Air;No;No;Venmo
1798;8323;4;28/12/2022;L;4.6;No;Store Pickup;No;No;Bank Transfer
416;9418;17;29/12/2022;M;3.2;No;Free Shipping;No;No;Cash
3364;3328;7;30/12/2022;L;3.5;No;Next Day Air;No;No;Cash
2352;3992;1;31/12/2022;M;2.6;No;Standard;No;No;Cash
3420;219;18;01/01/2023;XL;4.9;No;Standard;No;No;Bank Transfer
912;6183;4;02/01/2023;M;2.7;No;Express;No;No;Debit Card
38;7660;20;03/01/2023;S;4.7;No;2-Day Shipping;No;No;PayPal
3708;5342;3;04/01/2023;S;4;No;Free Shipping;No;No;Credit Card
3482;9181;2;05/01/2023;L;3.5;No;Next Day Air;No;No;Credit Card
1514;9238;13;06/01/2023;XL;4.8;No;Standard;No;No;Bank Transfer
1433;6885;12;07/01/2023;L;4;No;Free Shipping;No;No;Debit Card
1494;1200;12;08/01/2023;L;4.1;No;Express;No;No;Bank Transfer
3337;9994;19;09/01/2023;XL;3.8;No;Next Day Air;No;No;Debit Card
2047;289;3;10/01/2023;XL;5;No;Express;No;No;Bank Transfer
3705;8370;5;11/01/2023;M;4;No;Next Day Air;No;No;Bank Transfer
2898;6879;13;12/01/2023;M;3.9;No;Store Pickup;No;No;Cash
3288;4332;2;13/01/2023;L;3.4;No;2-Day Shipping;No;No;Venmo
545;9167;1;14/01/2023;M;3;No;Standard;No;No;Venmo
1312;2366;9;15/01/2023;L;4.9;No;2-Day Shipping;No;No;Cash
1095;1899;5;16/01/2023;L;3.2;No;Express;No;No;Credit Card
2337;980;11;17/01/2023;M;3.8;No;Standard;No;No;Bank Transfer
1551;2780;5;18/01/2023;XL;3.8;No;Store Pickup;No;No;Credit Card
2281;5939;20;19/01/2023;M;4.7;No;Express;No;No;Credit Card
2962;9458;8;20/01/2023;S;3.8;No;2-Day Shipping;No;No;Cash
32;9947;11;21/01/2023;M;4.6;No;Free Shipping;No;No;PayPal
2813;6276;17;22/01/2023;S;4.4;No;Standard;No;No;Cash
2960;4381;10;23/01/2023;XL;3.4;No;2-Day Shipping;No;No;PayPal
3812;4400;5;24/01/2023;M;4.7;No;Standard;No;No;Cash
2446;4039;8;25/01/2023;L;2.9;No;Express;No;No;Debit Card
2914;276;4;26/01/2023;L;3.4;No;2-Day Shipping;No;No;PayPal
168;9218;12;27/01/2023;M;3.2;No;Free Shipping;No;No;Venmo
878;8242;19;28/01/2023;S;2.8;No;Express;No;No;Debit Card
551;2412;3;29/01/2023;S;4.3;No;Free Shipping;No;No;Credit Card
1307;3416;13;30/01/2023;L;3.3;No;Standard;No;No;Cash
2139;125;6;31/01/2023;XL;3.3;No;Standard;No;No;PayPal
3603;2416;15;01/02/2023;S;3.3;No;Free Shipping;No;No;PayPal
2062;6109;12;02/02/2023;M;3;No;Next Day Air;No;No;Venmo
3738;7677;7;03/02/2023;S;2.8;No;Express;No;No;Debit Card
2339;4075;14;04/02/2023;S;4;No;Express;No;No;PayPal
1145;6458;14;05/02/2023;L;4.3;No;Express;No;No;Debit Card
55;624;18;06/02/2023;M;3.8;No;Store Pickup;No;No;Venmo
2880;5107;15;07/02/2023;S;4.2;No;Free Shipping;No;No;Credit Card
775;5784;16;08/02/2023;M;3.1;No;Next Day Air;No;No;Cash
1902;86;10;09/02/2023;S;2.6;No;Free Shipping;No;No;Cash
3451;5122;4;10/02/2023;L;3.4;No;Express;No;No;Credit Card
3320;3913;16;11/02/2023;L;3.1;No;Next Day Air;No;No;PayPal
1614;5944;15;12/02/2023;M;3.6;No;Express;No;No;Venmo
764;2378;18;13/02/2023;M;2.6;No;2-Day Shipping;No;No;Cash
1093;2156;6;14/02/2023;L;4.2;No;Store Pickup;No;No;Venmo
1030;2727;11;15/02/2023;M;2.9;No;2-Day Shipping;No;No;Credit Card
3439;8429;1;16/02/2023;L;4.2;No;Express;No;No;Cash
1104;3562;10;17/02/2023;L;3.3;No;Next Day Air;No;No;Bank Transfer
1064;3446;20;18/02/2023;XL;3.6;No;Next Day Air;No;No;Bank Transfer
3813;7109;4;19/02/2023;XL;4.3;No;Express;No;No;Venmo
2457;6785;5;20/02/2023;XL;3.3;No;Standard;No;No;Bank Transfer
2050;6392;8;21/02/2023;L;3;No;Standard;No;No;PayPal
1160;3568;17;22/02/2023;L;3.6;No;Store Pickup;No;No;Cash
705;4412;15;23/02/2023;L;3.1;No;Store Pickup;No;No;Bank Transfer
975;3026;4;24/02/2023;M;2.9;No;Express;No;No;Venmo
3078;2912;11;25/02/2023;L;3.9;No;2-Day Shipping;No;No;Bank Transfer
185;336;13;26/02/2023;L;3.2;No;2-Day Shipping;No;No;Debit Card
665;6507;18;27/02/2023;M;3.1;No;Express;No;No;Venmo
707;1017;8;28/02/2023;M;3.2;No;2-Day Shipping;No;No;Cash
3821;4438;13;01/03/2023;L;3.3;No;Store Pickup;No;No;Venmo
3368;8094;18;02/03/2023;L;4.8;No;Next Day Air;No;No;Credit Card
881;9131;6;03/03/2023;S;3.8;No;2-Day Shipping;No;No;Credit Card
2343;8430;11;04/03/2023;XL;4.6;No;Next Day Air;No;No;Cash
774;1578;1;05/03/2023;S;2.8;No;Free Shipping;No;No;Bank Transfer
2282;5416;14;06/03/2023;L;3.6;No;Standard;No;No;Debit Card
962;5509;8;07/03/2023;M;4.3;No;Free Shipping;No;No;Venmo
2489;3004;20;08/03/2023;L;4;No;Next Day Air;No;No;PayPal
1959;455;12;09/03/2023;XL;3.5;No;Standard;No;No;PayPal
3401;3107;9;10/03/2023;S;4.9;No;2-Day Shipping;No;No;Cash
2885;4725;17;11/03/2023;M;3.1;No;Express;No;No;Bank Transfer
1895;9207;12;12/03/2023;M;3.9;No;Store Pickup;No;No;PayPal
871;1524;10;13/03/2023;M;3;No;Store Pickup;No;No;Venmo
3772;3147;10;14/03/2023;M;4.1;No;2-Day Shipping;No;No;Venmo
2245;9995;1;15/03/2023;S;4.3;No;2-Day Shipping;No;No;Cash
1651;5548;6;16/03/2023;L;3.8;No;2-Day Shipping;No;No;Debit Card
3540;9589;15;17/03/2023;M;3.9;No;2-Day Shipping;No;No;PayPal
646;5852;17;18/03/2023;L;4.3;No;Free Shipping;No;No;Cash
2582;7128;18;19/03/2023;M;4.3;No;Express;No;No;Bank Transfer
938;4559;10;20/03/2023;XL;4.7;No;Store Pickup;No;No;Credit Card
1998;719;20;21/03/2023;M;3.1;No;2-Day Shipping;No;No;Bank Transfer
120;9649;12;22/03/2023;M;2.7;No;Free Shipping;No;No;PayPal
138;2323;6;23/03/2023;M;3.7;No;Express;No;No;PayPal
1316;1180;19;24/03/2023;M;3.3;No;2-Day Shipping;No;No;Cash
2303;7873;9;25/03/2023;L;3.4;No;Free Shipping;No;No;Venmo
85;7217;19;26/03/2023;L;4.7;No;Free Shipping;No;No;Cash
91;3158;19;27/03/2023;M;4.9;No;Store Pickup;No;No;Debit Card
1392;6379;3;28/03/2023;M;4.3;No;Free Shipping;No;No;Venmo
2858;4680;15;29/03/2023;S;4.2;No;Next Day Air;No;No;Credit Card
1749;6049;9;30/03/2023;M;3.7;No;Express;No;No;Bank Transfer
1043;1565;11;31/03/2023;M;2.7;No;Next Day Air;No;No;Bank Transfer
1779;1706;12;01/04/2023;L;3.3;No;Free Shipping;No;No;Credit Card
1935;3825;12;02/04/2023;L;4.8;No;Standard;No;No;Debit Card
1065;4055;8;03/04/2023;S;4.1;No;Next Day Air;No;No;Venmo
548;9461;7;04/04/2023;M;4.6;No;2-Day Shipping;No;No;Venmo
2160;3179;18;05/04/2023;L;4.9;No;2-Day Shipping;No;No;Bank Transfer
1151;3809;18;06/04/2023;L;3.1;No;Store Pickup;No;No;Cash
224;3070;12;07/04/2023;L;3;No;2-Day Shipping;No;No;Debit Card
1411;8561;4;08/04/2023;S;3.7;No;Store Pickup;No;No;PayPal
991;4402;6;09/04/2023;S;4;No;Store Pickup;No;No;Cash
1348;1721;16;10/04/2023;M;3;No;Express;No;No;Debit Card
3306;2681;2;11/04/2023;S;3.8;No;Store Pickup;No;No;Cash
1693;1394;1;12/04/2023;L;3.7;No;Express;No;No;Debit Card
633;4994;12;13/04/2023;S;4;No;2-Day Shipping;No;No;Debit Card
672;9743;19;14/04/2023;S;3.1;No;Store Pickup;No;No;Venmo
3530;7753;11;15/04/2023;L;3.9;No;2-Day Shipping;No;No;Venmo
294;271;2;16/04/2023;L;3.7;No;Express;No;No;Cash
2916;2992;20;17/04/2023;M;3.9;No;Express;No;No;Venmo
728;2781;14;18/04/2023;XL;2.7;No;Express;No;No;Credit Card
1292;3463;18;19/04/2023;M;3.9;No;Express;No;No;Debit Card
1413;7734;11;20/04/2023;L;2.6;No;Store Pickup;No;No;Venmo
1326;8663;11;21/04/2023;S;3.5;No;Free Shipping;No;No;Venmo
330;1033;5;22/04/2023;L;4.4;No;Next Day Air;No;No;Credit Card
1469;2491;19;23/04/2023;L;4.9;No;Store Pickup;No;No;Debit Card
1574;8287;8;24/04/2023;M;3.9;No;Standard;No;No;Venmo
444;5100;11;25/04/2023;L;3.5;No;Standard;No;No;Venmo
1406;5599;11;26/04/2023;M;4.3;No;Next Day Air;No;No;Debit Card
1276;9830;11;27/04/2023;S;3.4;No;Free Shipping;No;No;Debit Card
2522;7557;15;28/04/2023;M;2.7;No;Standard;No;No;Cash
42;865;18;29/04/2023;L;3.6;No;Standard;No;No;Bank Transfer
3157;5481;17;30/04/2023;S;4.9;No;Express;No;No;PayPal
1011;9880;1;01/05/2023;M;3.5;No;Free Shipping;No;No;PayPal
1910;4219;10;02/05/2023;M;3.8;No;Free Shipping;No;No;Cash
3511;816;13;03/05/2023;L;4.5;No;2-Day Shipping;No;No;Credit Card
887;8585;17;04/05/2023;M;4;No;Express;No;No;Cash
1305;6365;4;05/05/2023;M;4.7;No;Free Shipping;No;No;Cash
240;2867;6;06/05/2023;M;3.8;No;Express;No;No;Debit Card
390;7009;3;07/05/2023;S;4.5;No;Next Day Air;No;No;Cash
1918;1354;16;08/05/2023;XL;5;No;Express;No;No;PayPal
1148;4399;5;09/05/2023;M;2.8;No;Express;No;No;PayPal
3187;6851;11;10/05/2023;S;4.4;No;Standard;No;No;Cash
1635;3782;11;11/05/2023;L;4.7;No;Free Shipping;No;No;Bank Transfer
328;7844;8;12/05/2023;XL;3.8;No;Express;No;No;Cash
3870;8476;3;13/05/2023;M;4.9;No;Next Day Air;No;No;Credit Card
1280;404;15;14/05/2023;M;4.2;No;Express;No;No;Debit Card
3284;7840;17;15/05/2023;S;4.9;No;2-Day Shipping;No;No;Bank Transfer
3685;5863;18;16/05/2023;L;3.9;No;Express;No;No;Cash
2526;3616;6;17/05/2023;M;4.9;No;2-Day Shipping;No;No;Credit Card
2346;6751;2;18/05/2023;M;4.8;No;Express;No;No;Venmo
3405;2696;10;19/05/2023;M;3.3;No;Free Shipping;No;No;Bank Transfer
3549;2660;17;20/05/2023;M;4.6;No;Free Shipping;No;No;Cash
2120;1427;5;21/05/2023;M;4.5;No;2-Day Shipping;No;No;PayPal
1555;6309;6;22/05/2023;M;4.1;No;2-Day Shipping;No;No;Venmo
1648;3442;12;23/05/2023;M;3.2;No;2-Day Shipping;No;No;Credit Card
2703;5727;13;24/05/2023;M;4.2;No;2-Day Shipping;No;No;Credit Card
1174;9921;5;25/05/2023;M;4.8;No;Free Shipping;No;No;Venmo
1931;5507;6;26/05/2023;L;4.1;No;Next Day Air;No;No;Credit Card
2028;3251;13;27/05/2023;XL;3.7;No;Store Pickup;No;No;Cash
2651;6237;8;28/05/2023;M;2.6;No;Store Pickup;No;No;Bank Transfer
280;4912;1;29/05/2023;L;3;No;Standard;No;No;PayPal
2502;1438;9;30/05/2023;M;4.4;No;Express;No;No;Debit Card
1746;9601;13;31/05/2023;M;4.7;No;Next Day Air;No;No;Credit Card
3577;9745;3;01/06/2023;M;2.7;No;2-Day Shipping;No;No;Credit Card
3547;3102;1;02/06/2023;M;2.8;No;2-Day Shipping;No;No;Bank Transfer
597;3453;9;03/06/2023;M;2.9;No;Standard;No;No;Venmo
2878;5624;19;04/06/2023;XL;4.4;No;Free Shipping;No;No;Credit Card
2323;8482;10;05/06/2023;XL;2.7;No;Express;No;No;Cash
1507;2016;10;06/06/2023;M;4.5;No;Store Pickup;No;No;Bank Transfer
493;2386;14;07/06/2023;S;2.8;No;Store Pickup;No;No;Debit Card
293;8705;10;08/06/2023;S;3.1;No;Free Shipping;No;No;Bank Transfer
3096;7820;12;09/06/2023;XL;3.8;No;Store Pickup;No;No;Cash
732;3019;6;10/06/2023;XL;2.9;No;Express;No;No;PayPal
3443;439;19;11/06/2023;M;3.8;No;Express;No;No;Credit Card
2200;1037;19;12/06/2023;XL;4.7;No;Standard;No;No;Cash
1253;7868;6;13/06/2023;XL;3.2;No;Free Shipping;No;No;PayPal
1504;8206;17;14/06/2023;L;4;No;Next Day Air;No;No;Cash
2434;7188;1;15/06/2023;S;4.9;No;2-Day Shipping;No;No;Debit Card
2219;4894;3;16/06/2023;L;3.7;No;Store Pickup;No;No;Debit Card
2638;7794;15;17/06/2023;M;4.8;No;Next Day Air;No;No;Credit Card
3106;4478;6;18/06/2023;S;3.6;No;Standard;No;No;Debit Card
1274;4439;4;19/06/2023;M;4.6;No;Express;No;No;PayPal
1564;2872;17;20/06/2023;L;4.3;No;2-Day Shipping;No;No;Debit Card
3749;8223;9;21/06/2023;S;3.2;No;2-Day Shipping;No;No;Venmo
1516;2287;10;22/06/2023;S;3.8;No;Store Pickup;No;No;Bank Transfer
1843;2870;7;23/06/2023;XL;4.2;No;Standard;No;No;Credit Card
3434;3549;18;24/06/2023;M;3.4;No;2-Day Shipping;No;No;Venmo
3783;7656;10;25/06/2023;M;4.7;No;Next Day Air;No;No;Cash
2557;573;6;26/06/2023;S;3.9;No;2-Day Shipping;No;No;Debit Card
71;100;11;27/06/2023;L;4.3;No;Store Pickup;No;No;Debit Card
841;5259;9;28/06/2023;XL;2.7;No;Standard;No;No;Cash
3853;3441;4;29/06/2023;M;4.6;No;Standard;No;No;Credit Card
1451;2995;17;30/06/2023;XL;2.9;No;Express;No;No;Bank Transfer
2446;1625;19;01/07/2023;L;3.6;No;Free Shipping;No;No;Cash
2982;4052;17;02/07/2023;M;3.9;No;Next Day Air;No;No;Credit Card
3126;4601;2;03/07/2023;M;2.6;No;Standard;No;No;Venmo
1245;4789;1;04/07/2023;L;3.6;No;Express;No;No;Credit Card
518;7149;8;05/07/2023;L;3.4;No;Store Pickup;No;No;Credit Card
2624;31;19;06/07/2023;L;3.5;No;Express;No;No;Cash
219;4552;14;07/07/2023;L;3.1;No;2-Day Shipping;No;No;Debit Card
762;451;10;08/07/2023;M;4.3;No;Standard;No;No;Cash
1598;2138;16;09/07/2023;L;5;No;Store Pickup;No;No;Bank Transfer
2654;4630;11;10/07/2023;M;4.9;No;Store Pickup;No;No;Debit Card
3262;1341;7;11/07/2023;S;4.3;No;Next Day Air;No;No;Bank Transfer
219;7830;10;12/07/2023;S;4.4;No;Standard;No;No;Cash
3372;9954;10;13/07/2023;L;4.4;No;Next Day Air;No;No;Cash
1066;5222;2;10/10/2023;XL;3.5;No;Express;No;No;PayPal
3082;7095;2;11/10/2023;XL;3.4;No;Free Shipping;No;No;Credit Card
1974;5395;10;12/10/2023;L;2.5;No;Next Day Air;No;No;Bank Transfer
3492;2036;20;13/10/2023;M;3.4;No;Store Pickup;No;No;Credit Card
612;8869;11;14/10/2023;M;2.6;No;Next Day Air;No;No;Debit Card
3390;3323;20;15/10/2023;M;4.6;No;2-Day Shipping;No;No;Venmo
3504;4272;16;16/10/2023;L;3.7;No;Express;No;No;PayPal
799;1341;6;17/10/2023;M;2.5;No;Free Shipping;No;No;Debit Card
1241;9205;11;18/10/2023;L;4.5;No;Express;No;No;Debit Card
3035;149;9;19/10/2023;M;2.9;No;Standard;No;No;Venmo
458;7773;5;20/10/2023;L;2.9;No;Free Shipping;No;No;Debit Card
3395;2347;9;21/10/2023;L;3.5;No;Next Day Air;No;No;Venmo
2534;9051;9;22/10/2023;L;4.2;No;Store Pickup;No;No;PayPal
1206;8360;3;23/10/2023;S;3.3;No;Free Shipping;No;No;Cash
1598;9969;12;24/10/2023;S;3.9;No;Store Pickup;No;No;Cash
131;964;4;25/10/2023;S;5;No;Store Pickup;No;No;Venmo
1803;6674;2;26/10/2023;M;3.3;No;Standard;No;No;Bank Transfer
1710;2601;14;27/10/2023;S;4.2;No;Free Shipping;No;No;Cash
529;5721;19;28/10/2023;M;4.9;No;2-Day Shipping;No;No;Bank Transfer
3786;8995;15;29/10/2023;M;4.6;No;2-Day Shipping;No;No;PayPal
3458;18;17;30/10/2023;L;4.8;No;Store Pickup;No;No;Credit Card
2939;4025;2;31/10/2023;XL;2.7;No;Next Day Air;No;No;Debit Card
1169;1533;20;01/11/2023;S;4.3;No;Store Pickup;No;No;Credit Card
491;992;7;02/11/2023;S;3.8;No;Express;No;No;Debit Card
1370;8772;11;03/11/2023;M;4.9;No;Express;No;No;Debit Card
3141;8023;1;04/11/2023;S;3.4;No;2-Day Shipping;No;No;Credit Card
1793;6208;9;05/11/2023;M;3.6;No;Express;No;No;Cash
1824;3750;13;06/11/2023;L;3.4;No;Standard;No;No;Credit Card
1451;4118;20;07/11/2023;M;4.7;No;2-Day Shipping;No;No;Cash
24;6638;18;08/11/2023;S;3;No;Next Day Air;No;No;Debit Card
1961;7539;2;09/11/2023;L;3.4;No;Free Shipping;No;No;PayPal
1112;3026;11;10/11/2023;S;4.6;No;Standard;No;No;Debit Card
2669;8369;11;11/11/2023;M;3.1;No;Express;No;No;PayPal
1812;3490;11;12/11/2023;M;2.8;No;Standard;No;No;Cash
3549;3165;12;13/11/2023;M;3.5;No;Store Pickup;No;No;Venmo
2204;9862;18;14/11/2023;S;4.6;No;Standard;No;No;PayPal
2478;5665;15;15/11/2023;XL;4.3;No;Standard;No;No;Cash
2940;6482;13;16/11/2023;M;4.8;No;Free Shipping;No;No;PayPal
3415;4949;8;17/11/2023;L;2.9;No;Express;No;No;Credit Card
741;1942;6;18/11/2023;M;3;No;Express;No;No;PayPal
2956;3769;14;19/11/2023;M;2.9;No;Standard;No;No;Cash
457;6913;8;20/11/2023;S;3.7;No;Standard;No;No;PayPal
1449;5741;1;21/11/2023;L;4.7;No;Standard;No;No;Venmo
1962;6728;2;22/11/2023;L;3.5;No;Store Pickup;No;No;Cash
170;91;4;23/11/2023;S;2.7;No;Store Pickup;No;No;Debit Card
3028;8453;4;24/11/2023;M;5;No;Free Shipping;No;No;Credit Card
1995;1988;1;25/11/2023;L;4.1;No;Next Day Air;No;No;Venmo
2255;9885;5;26/11/2023;L;2.7;No;Free Shipping;No;No;Bank Transfer
3644;3573;16;27/11/2023;XL;4.8;No;Free Shipping;No;No;Cash
2985;3108;2;28/11/2023;S;4.3;No;2-Day Shipping;No;No;PayPal
582;8933;6;29/11/2023;M;4.5;No;2-Day Shipping;No;No;Bank Transfer
1541;7678;13;30/11/2023;L;3.8;No;Standard;No;No;Debit Card
2316;4412;13;01/12/2023;L;3.7;No;Store Pickup;No;No;PayPal
3326;8652;3;02/12/2023;L;3.9;No;2-Day Shipping;No;No;PayPal
1954;7377;7;03/12/2023;XL;3.3;No;Standard;No;No;Credit Card
3596;8907;16;04/12/2023;M;3.4;No;Express;No;No;PayPal
2977;101;20;05/12/2023;L;3.8;No;Next Day Air;No;No;Cash
3231;6122;5;06/12/2023;M;2.7;No;Free Shipping;No;No;Cash
1097;5272;8;07/12/2023;M;2.9;No;2-Day Shipping;No;No;Credit Card
3778;3337;15;08/12/2023;M;4.5;No;Standard;No;No;Credit Card
2415;4543;4;09/12/2023;M;2.6;No;Store Pickup;No;No;PayPal
2698;1006;12;10/12/2023;L;3.1;No;Next Day Air;No;No;PayPal
650;2927;10;11/12/2023;L;4.7;No;Store Pickup;No;No;PayPal
1643;201;6;12/12/2023;L;4.6;No;Free Shipping;No;No;PayPal
2348;6383;11;13/12/2023;L;2.7;No;Next Day Air;No;No;Bank Transfer
1082;3184;15;14/12/2023;L;4.6;No;2-Day Shipping;No;No;Cash
393;6967;5;15/12/2023;XL;4.8;No;Standard;No;No;PayPal
1294;355;15;16/12/2023;M;4.2;No;Free Shipping;No;No;Venmo
1978;8371;18;17/12/2023;M;4.9;No;Express;No;No;Cash
3316;1716;14;18/12/2023;M;4.9;No;Express;No;No;Credit Card
281;9357;6;19/12/2023;M;4.5;No;Store Pickup;No;No;Cash
959;8627;9;20/12/2023;M;2.7;No;Store Pickup;No;No;Cash
2235;5391;10;21/12/2023;M;3.1;No;Store Pickup;No;No;Credit Card
1043;7993;8;22/12/2023;L;3.3;No;2-Day Shipping;No;No;Credit Card
1143;7072;10;23/12/2023;L;2.6;No;Free Shipping;No;No;Debit Card
822;7096;20;24/12/2023;M;4.4;No;Standard;No;No;PayPal
72;4252;13;25/12/2023;L;3.9;No;Standard;No;No;Credit Card
1123;5227;17;26/12/2023;S;4.6;No;Express;No;No;Debit Card
1302;5670;8;27/12/2023;M;4.9;No;Express;No;No;Debit Card
3612;7010;3;28/12/2023;XL;3.7;No;Express;No;No;Credit Card
3452;5003;19;01/01/2023;L;3.7;No;Standard;No;No;Venmo
3891;5832;18;28/12/2022;S;4.2;No;Standard;No;No;Credit Card
2654;8167;5;29/12/2022;S;3.5;No;Next Day Air;No;No;Bank Transfer
3206;8163;15;30/12/2022;M;2.9;No;Next Day Air;No;No;Credit Card
1981;398;17;31/12/2022;XL;3.4;No;Next Day Air;No;No;Venmo
3118;6904;20;01/01/2023;M;3.3;No;Express;No;No;PayPal
1473;2127;17;02/01/2023;XL;4.5;No;Standard;No;No;Venmo
1415;7780;15;03/01/2023;M;4.6;No;2-Day Shipping;No;No;PayPal
708;5345;1;04/01/2023;L;2.9;No;Express;No;No;Cash
1808;6324;3;05/01/2023;M;3.2;No;Next Day Air;No;No;PayPal
1028;1293;4;06/01/2023;M;2.6;No;Free Shipping;No;No;Bank Transfer
2170;4222;14;07/01/2023;L;3.8;No;Store Pickup;No;No;Cash
1621;6200;16;08/01/2023;L;2.8;No;Store Pickup;No;No;Debit Card
63;5228;5;09/01/2023;M;4.4;No;Store Pickup;No;No;PayPal
2813;6202;15;10/01/2023;L;4.7;No;Express;No;No;PayPal
2116;8586;2;11/01/2023;M;2.7;No;2-Day Shipping;No;No;PayPal
233;6918;9;12/01/2023;M;2.6;No;Next Day Air;No;No;Debit Card
2443;5110;4;13/01/2023;M;3.4;No;2-Day Shipping;No;No;PayPal
656;139;2;14/01/2023;M;3.9;No;2-Day Shipping;No;No;Credit Card
1747;2864;18;15/01/2023;L;3.4;No;2-Day Shipping;No;No;Venmo
3436;2348;1;16/01/2023;XL;3.4;No;Express;No;No;Cash
2694;6725;13;17/01/2023;M;3.9;No;Free Shipping;No;No;Bank Transfer
3543;7993;17;18/01/2023;S;4;No;Express;No;No;PayPal
982;9100;17;19/01/2023;L;3.4;No;2-Day Shipping;No;No;PayPal
525;890;11;20/01/2023;M;3.7;No;Next Day Air;No;No;Venmo
2706;9427;17;21/01/2023;L;4.9;No;2-Day Shipping;No;No;Venmo
820;6091;6;22/01/2023;S;5;No;Express;No;No;Cash
1522;7315;1;23/01/2023;M;2.9;No;Next Day Air;No;No;Credit Card
412;2109;19;24/01/2023;S;3;No;Standard;No;No;Debit Card
937;5486;2;10/10/2023;L;3.3;No;Next Day Air;No;No;Cash
640;3961;3;11/10/2023;M;4.7;No;Express;No;No;Debit Card
246;1464;17;12/10/2023;M;3.4;No;2-Day Shipping;No;No;Cash
1177;6838;10;13/10/2023;L;4.6;No;2-Day Shipping;No;No;Debit Card
1148;8050;2;14/10/2023;M;3.6;No;2-Day Shipping;No;No;Cash
3014;5666;19;15/10/2023;S;2.6;No;Free Shipping;No;No;Debit Card
2954;5809;15;16/10/2023;M;2.7;No;Express;No;No;PayPal
2424;9515;16;17/10/2023;S;3.1;No;Express;No;No;Cash
3666;8851;16;18/10/2023;L;3.2;No;2-Day Shipping;No;No;Cash
818;4919;10;19/10/2023;M;3.4;No;Store Pickup;No;No;PayPal
461;6153;13;20/10/2023;S;4.4;No;Express;No;No;Credit Card
3148;3575;17;21/10/2023;M;3.2;No;2-Day Shipping;No;No;PayPal
2801;3497;16;22/10/2023;M;2.5;No;Free Shipping;No;No;PayPal
3048;5524;8;23/10/2023;M;3.8;No;Next Day Air;No;No;Venmo
3449;3198;20;24/10/2023;M;4.4;No;2-Day Shipping;No;No;Debit Card
673;9099;2;25/10/2023;M;3.7;No;Express;No;No;Bank Transfer
2152;1522;6;26/10/2023;L;3.2;No;Store Pickup;No;No;Cash
3898;96;11;27/10/2023;M;4.9;No;Standard;No;No;Debit Card
1107;9802;8;28/10/2023;L;3.9;No;Standard;No;No;PayPal
1309;5726;8;29/10/2023;S;4.5;No;Next Day Air;No;No;Credit Card
3552;9343;12;30/10/2023;S;3.4;No;Standard;No;No;Debit Card
591;8390;1;31/10/2023;S;4.1;No;Next Day Air;No;No;Bank Transfer
1298;7294;6;01/11/2023;S;4.5;No;Store Pickup;No;No;Bank Transfer
1689;3623;4;02/11/2023;S;4.7;No;Store Pickup;No;No;Cash
722;8019;15;03/11/2023;M;4.8;No;Next Day Air;No;No;Cash
2958;8447;6;04/11/2023;M;4.4;No;Standard;No;No;Venmo
952;7717;16;05/11/2023;S;4;No;Store Pickup;No;No;Cash
1875;1859;11;06/11/2023;S;4.1;No;Store Pickup;No;No;Cash
1688;179;11;07/11/2023;L;3.7;No;Express;No;No;PayPal
1579;5889;8;08/11/2023;M;3;No;Express;No;No;Debit Card
1474;947;17;09/11/2023;M;3.6;No;Express;No;No;Bank Transfer
1259;5367;9;10/11/2023;S;4.8;No;Standard;No;No;Credit Card
3113;9293;1;11/11/2023;XL;3.7;No;2-Day Shipping;No;No;Venmo
3118;6968;17;12/11/2023;M;4.6;No;Next Day Air;No;No;PayPal
3226;2276;14;13/11/2023;S;2.8;No;Standard;No;No;Credit Card
1586;9790;3;14/11/2023;L;4;No;Standard;No;No;Credit Card
956;2545;14;15/11/2023;M;4.2;No;Next Day Air;No;No;Cash
1064;6030;2;16/11/2023;L;3.6;No;Express;No;No;Venmo
45;2141;19;17/11/2023;M;2.9;No;Store Pickup;No;No;PayPal
2449;6833;19;18/11/2023;S;4.1;No;Express;No;No;Bank Transfer
590;6986;10;19/11/2023;S;3.1;No;Next Day Air;No;No;Cash
653;9300;2;20/11/2023;S;4.3;No;Express;No;No;Venmo
1520;7582;15;21/11/2023;L;4.4;No;Next Day Air;No;No;Credit Card
2110;543;9;22/11/2023;M;3.1;No;Next Day Air;No;No;Debit Card
2849;5132;5;23/11/2023;XL;2.9;No;Free Shipping;No;No;Venmo
3586;4404;11;24/11/2023;S;3.2;No;Next Day Air;No;No;PayPal
2489;3993;6;25/11/2023;M;4;No;2-Day Shipping;No;No;Venmo
3269;5031;16;26/11/2023;M;2.7;No;Standard;No;No;PayPal
3019;4175;5;27/11/2023;L;3;No;Free Shipping;No;No;PayPal
542;4626;13;28/11/2023;M;4.4;No;Express;No;No;PayPal
466;863;6;29/11/2023;M;2.8;No;Free Shipping;No;No;Cash
2686;402;4;30/11/2023;M;3.1;No;Store Pickup;No;No;Cash
3594;2728;20;01/12/2023;XL;3.9;No;Express;No;No;Bank Transfer
2701;4188;15;02/12/2023;L;2.7;No;Standard;No;No;Venmo
3777;3392;13;03/12/2023;M;3.4;No;Store Pickup;No;No;Debit Card
179;354;2;04/12/2023;L;3.8;No;Free Shipping;No;No;Credit Card
1209;5113;12;05/12/2023;M;3.7;No;2-Day Shipping;No;No;Bank Transfer
3166;6643;3;06/12/2023;S;4.5;No;2-Day Shipping;No;No;Credit Card
647;4877;20;07/12/2023;XL;2.9;No;Express;No;No;PayPal
1141;6912;13;08/12/2023;M;3.4;No;2-Day Shipping;No;No;Bank Transfer
1616;3464;6;09/12/2023;L;4.4;No;2-Day Shipping;No;No;PayPal
2200;9393;2;10/12/2023;L;4.2;No;Standard;No;No;PayPal
2028;3281;4;11/12/2023;M;3.3;No;Store Pickup;No;No;Bank Transfer
3427;6125;6;12/12/2023;XL;3.7;No;Express;No;No;PayPal
23;4251;17;13/12/2023;M;3.2;No;Next Day Air;No;No;Bank Transfer
43;4138;6;14/12/2023;S;2.6;No;Store Pickup;No;No;Debit Card
641;7008;20;15/12/2023;L;2.8;No;Standard;No;No;Cash
1977;5597;10;16/12/2023;M;2.9;No;Standard;No;No;Cash
739;3553;20;17/12/2023;M;4;No;2-Day Shipping;No;No;Bank Transfer
155;2866;9;18/12/2023;M;2.9;No;Free Shipping;No;No;Bank Transfer
2681;2996;20;19/12/2023;M;4.7;No;Store Pickup;No;No;Debit Card
3145;9004;13;20/12/2023;XL;3.1;No;2-Day Shipping;No;No;Cash
393;6707;19;21/12/2023;XL;3.9;No;Store Pickup;No;No;Venmo
3696;8386;20;22/12/2023;M;3.4;No;Free Shipping;No;No;Debit Card
1112;3642;19;23/12/2023;XL;3.1;No;Express;No;No;Cash
2204;6650;4;24/12/2023;S;4.8;No;Store Pickup;No;No;PayPal
1225;4353;11;25/12/2023;M;3.9;No;Next Day Air;No;No;Bank Transfer
2269;3105;20;26/12/2023;S;3.5;No;Next Day Air;No;No;PayPal
685;5678;8;27/12/2023;M;3.1;No;Free Shipping;No;No;Debit Card
2091;6683;19;28/12/2023;S;4.7;No;Express;No;No;Debit Card
2788;8649;19;01/01/2023;S;4.6;No;Free Shipping;No;No;Debit Card
1249;8548;1;28/12/2022;L;3.3;No;Free Shipping;No;No;Bank Transfer
348;4493;11;29/12/2022;M;3.2;No;Next Day Air;No;No;Debit Card
2104;3075;5;30/12/2022;L;3.1;No;Next Day Air;No;No;PayPal
2635;9903;14;31/12/2022;S;3.5;No;Free Shipping;No;No;Debit Card
3627;7079;9;01/01/2023;S;4.3;No;Standard;No;No;Bank Transfer
3444;299;18;02/01/2023;M;2.9;No;Free Shipping;No;No;Venmo
1871;1291;1;03/01/2023;L;2.7;No;Store Pickup;No;No;Credit Card
623;1440;14;04/01/2023;S;4;No;Standard;No;No;Bank Transfer
2341;5401;4;05/01/2023;M;4.6;No;Free Shipping;No;No;Debit Card
93;1921;10;06/01/2023;L;4.7;No;2-Day Shipping;No;No;Cash
2541;4902;2;07/01/2023;M;4.7;No;Standard;No;No;Credit Card
1236;2218;11;08/01/2023;L;4;No;Standard;No;No;Debit Card
851;1832;7;09/01/2023;L;3.6;No;Free Shipping;No;No;Credit Card
3796;1653;3;10/01/2023;S;3.4;No;Free Shipping;No;No;Debit Card
2239;577;7;11/01/2023;XL;3;No;Next Day Air;No;No;Bank Transfer
3725;5228;6;12/01/2023;M;2.6;No;Next Day Air;No;No;Bank Transfer
2499;8430;3;13/01/2023;M;4.2;No;Store Pickup;No;No;Debit Card
3336;2683;13;14/01/2023;M;3.4;No;Standard;No;No;Venmo
2280;9511;12;15/01/2023;M;4;No;Store Pickup;No;No;Bank Transfer
2391;2783;8;16/01/2023;L;4.7;No;Free Shipping;No;No;Debit Card
3845;5699;3;17/01/2023;S;3.9;No;Next Day Air;No;No;Credit Card
1643;430;12;18/01/2023;M;3.3;No;2-Day Shipping;No;No;Venmo
3858;9468;6;19/01/2023;L;2.9;No;Express;No;No;PayPal
2748;8694;11;20/01/2023;M;4.4;No;Free Shipping;No;No;Cash
1272;3303;14;21/01/2023;M;3.6;No;Next Day Air;No;No;Bank Transfer
340;2600;10;22/01/2023;M;4.5;No;Store Pickup;No;No;Cash
57;9987;14;23/01/2023;S;3.7;No;Store Pickup;No;No;Venmo
2573;6406;17;24/01/2023;M;2.8;No;Free Shipping;No;No;Venmo
434;2687;2;25/01/2023;M;4.5;No;Free Shipping;No;No;Venmo
3803;2126;15;26/01/2023;M;4.4;No;Standard;No;No;Credit Card
1308;9432;5;27/01/2023;M;3.3;No;Standard;No;No;PayPal
2878;6674;4;28/01/2023;XL;4.2;No;Express;No;No;Credit Card
2177;7832;15;29/01/2023;L;2.7;No;Free Shipping;No;No;Venmo
3322;8538;5;30/01/2023;L;3.9;No;Store Pickup;No;No;Debit Card
3651;4102;3;31/01/2023;XL;2.6;No;Free Shipping;No;No;Bank Transfer
1054;4545;1;01/02/2023;M;4.5;No;2-Day Shipping;No;No;Cash
3626;578;10;02/02/2023;M;2.7;No;Store Pickup;No;No;PayPal
2052;3569;20;03/02/2023;M;2.9;No;Standard;No;No;Debit Card
2153;3798;10;04/02/2023;M;3.4;No;Store Pickup;No;No;Bank Transfer
2355;6106;10;05/02/2023;M;2.9;No;Express;No;No;Debit Card
2287;8751;8;06/02/2023;L;3.8;No;Free Shipping;No;No;Debit Card
3708;1171;5;07/02/2023;M;4.2;No;2-Day Shipping;No;No;Debit Card
1813;6069;4;08/02/2023;M;3.5;No;Store Pickup;No;No;Venmo
3507;3394;10;09/02/2023;S;3.1;No;Next Day Air;No;No;PayPal
1293;2056;17;10/02/2023;M;3.5;No;2-Day Shipping;No;No;Bank Transfer
2249;1;4;11/02/2023;L;4;No;Express;No;No;Debit Card
1088;4326;14;12/02/2023;L;3.7;No;Express;No;No;Debit Card
580;8182;15;13/02/2023;M;4.2;No;Next Day Air;No;No;Venmo
2431;2913;12;14/02/2023;M;4.8;No;Store Pickup;No;No;PayPal
2813;8280;14;15/02/2023;XL;4.1;No;Express;No;No;Credit Card
2469;8692;11;16/02/2023;M;4.5;No;2-Day Shipping;No;No;Debit Card
517;9719;4;17/02/2023;L;2.7;No;2-Day Shipping;No;No;PayPal
893;7216;19;18/02/2023;L;2.8;No;Store Pickup;No;No;PayPal
543;6237;7;19/02/2023;L;3.7;No;Free Shipping;No;No;Credit Card
2460;8422;1;20/02/2023;M;3.6;No;Express;No;No;Bank Transfer
3900;9389;20;21/02/2023;M;4.7;No;2-Day Shipping;No;No;Debit Card
1346;5856;2;22/02/2023;M;3.8;No;Standard;No;No;Bank Transfer
86;39;14;23/02/2023;XL;2.9;No;Standard;No;No;Credit Card
46;2874;8;24/02/2023;S;4.6;No;Next Day Air;No;No;Debit Card
3496;8300;13;25/02/2023;M;2.8;No;Standard;No;No;Bank Transfer
3144;2081;13;26/02/2023;XL;4.6;No;2-Day Shipping;No;No;Credit Card
3411;5761;6;27/02/2023;M;2.8;No;Next Day Air;No;No;Venmo
3822;5492;8;28/02/2023;M;3;No;Free Shipping;No;No;Cash
3232;7476;10;01/03/2023;M;3.7;No;Standard;No;No;Cash
2646;2228;8;02/03/2023;M;4.1;No;2-Day Shipping;No;No;PayPal
3246;440;16;03/03/2023;M;4.3;No;Next Day Air;No;No;Venmo
1221;8135;7;04/03/2023;L;3.8;No;Next Day Air;No;No;Venmo
1012;4085;11;05/03/2023;L;3.7;No;Free Shipping;No;No;PayPal
417;2001;4;06/03/2023;S;4.8;No;Standard;No;No;PayPal
454;5612;12;07/03/2023;XL;4.6;No;Standard;No;No;PayPal
691;67;18;08/03/2023;S;4.8;No;Standard;No;No;Cash
3386;3185;16;09/03/2023;XL;4.6;No;2-Day Shipping;No;No;PayPal
3523;2091;10;10/03/2023;L;4;No;Standard;No;No;Bank Transfer
2899;4247;12;11/03/2023;M;2.6;No;2-Day Shipping;No;No;Cash
186;6663;11;12/03/2023;L;2.6;No;2-Day Shipping;No;No;Venmo
749;5959;13;13/03/2023;L;4.5;No;Next Day Air;No;No;Bank Transfer
3528;8531;4;14/03/2023;M;4.2;No;Free Shipping;No;No;PayPal
2794;1205;11;15/03/2023;M;3.4;No;Store Pickup;No;No;Cash
60;1141;11;16/03/2023;L;3.7;No;Store Pickup;No;No;PayPal
1516;5925;4;17/03/2023;M;3.6;No;Next Day Air;No;No;Debit Card
188;1903;7;18/03/2023;L;4;No;Next Day Air;No;No;Venmo
1506;4218;14;19/03/2023;XL;4.6;No;Standard;No;No;Bank Transfer
1583;4788;12;20/03/2023;M;3;No;Free Shipping;No;No;Cash
21;6660;12;21/03/2023;L;3.3;No;Express;No;No;PayPal
2025;2597;17;22/03/2023;S;3.8;No;Express;No;No;Debit Card
836;1187;16;23/03/2023;S;2.7;No;Free Shipping;No;No;PayPal
2246;6260;9;24/03/2023;L;4.5;No;Express;No;No;Bank Transfer
2384;4858;17;25/03/2023;S;4.8;No;Next Day Air;No;No;PayPal
3360;650;3;26/03/2023;M;4.2;No;Express;No;No;Credit Card
2974;7467;1;27/03/2023;S;3.5;No;Express;No;No;Credit Card
1242;9561;12;28/03/2023;L;4.9;No;Standard;No;No;Venmo
547;3842;11;29/03/2023;M;4.1;No;Next Day Air;No;No;Cash
1240;3025;14;30/03/2023;M;2.9;No;Next Day Air;No;No;Bank Transfer
1666;1144;6;31/03/2023;M;4;No;Next Day Air;No;No;Venmo
3279;3210;12;01/04/2023;M;4.6;No;Store Pickup;No;No;Cash
2430;7789;7;02/04/2023;S;2.8;No;Store Pickup;No;No;PayPal
2475;5399;10;03/04/2023;S;5;No;2-Day Shipping;No;No;Venmo
1411;3471;11;04/04/2023;S;2.9;No;Store Pickup;No;No;Cash
3594;2111;10;05/04/2023;M;3.3;No;Free Shipping;No;No;Credit Card
2259;9548;6;06/04/2023;S;3.4;No;2-Day Shipping;No;No;Debit Card
94;5254;11;07/04/2023;XL;3;No;Express;No;No;PayPal
2203;480;6;08/04/2023;M;4.7;No;Standard;No;No;Venmo
3865;4944;4;09/04/2023;L;2.9;No;Next Day Air;No;No;PayPal
1852;3915;14;10/04/2023;M;4.1;No;Store Pickup;No;No;Cash
2459;3643;17;11/04/2023;M;3.2;No;Free Shipping;No;No;Bank Transfer
3586;5630;15;12/04/2023;M;2.7;No;Store Pickup;No;No;Venmo
3339;673;7;13/04/2023;M;4.7;No;Store Pickup;No;No;Cash
1929;3531;20;14/04/2023;S;3.2;No;Free Shipping;No;No;PayPal
1396;3605;4;15/04/2023;M;2.5;No;Express;No;No;Debit Card
2989;9480;3;16/04/2023;XL;4.3;No;Next Day Air;No;No;PayPal
2781;5169;4;17/04/2023;M;4.4;No;Free Shipping;No;No;PayPal
3460;8814;6;18/04/2023;M;4.7;No;Next Day Air;No;No;Credit Card
269;8378;18;19/04/2023;XL;4;No;Express;No;No;Credit Card
1812;5274;10;20/04/2023;S;4.6;No;Express;No;No;Credit Card
1799;1802;10;21/04/2023;S;3.8;No;Next Day Air;No;No;Cash
3858;4013;10;22/04/2023;L;3.2;No;Next Day Air;No;No;Credit Card
1820;356;6;23/04/2023;L;5;No;Express;No;No;PayPal
1293;2701;10;24/04/2023;M;3.5;No;Standard;No;No;Bank Transfer
3398;3820;3;25/04/2023;M;3.7;No;Next Day Air;No;No;Cash
1458;6493;6;26/04/2023;M;4.8;No;Next Day Air;No;No;PayPal
921;7946;18;27/04/2023;M;3.7;No;2-Day Shipping;No;No;Venmo
800;517;5;28/04/2023;L;3.5;No;Free Shipping;No;No;Venmo
3828;9162;5;29/04/2023;M;4.9;No;Store Pickup;No;No;Debit Card
1931;1714;12;30/04/2023;L;4.7;No;Next Day Air;No;No;Debit Card
60;218;13;01/05/2023;L;4.9;No;2-Day Shipping;No;No;Venmo
1582;1568;3;02/05/2023;M;4.3;No;Next Day Air;No;No;Credit Card
2951;9819;1;03/05/2023;M;3.1;No;Free Shipping;No;No;Cash
1583;189;20;04/05/2023;S;3.4;No;2-Day Shipping;No;No;Debit Card
3768;8155;8;05/05/2023;XL;2.7;No;Express;No;No;PayPal
491;1866;19;06/05/2023;L;2.6;No;Store Pickup;No;No;Bank Transfer
867;2613;1;07/05/2023;M;2.9;No;Next Day Air;No;No;Credit Card
2729;7811;2;08/05/2023;XL;2.7;No;2-Day Shipping;No;No;PayPal
3633;9981;16;09/05/2023;XL;4.5;No;2-Day Shipping;No;No;Bank Transfer
3341;261;17;10/05/2023;M;3.1;No;Store Pickup;No;No;PayPal
3338;6763;4;11/05/2023;L;3.2;No;Free Shipping;No;No;Debit Card
1574;3428;12;12/05/2023;M;3.3;No;Next Day Air;No;No;Bank Transfer
3631;6300;1;13/05/2023;M;2.9;No;Express;No;No;Debit Card
290;8809;17;14/05/2023;L;4.1;No;Standard;No;No;Debit Card
1132;1271;2;15/05/2023;M;2.7;No;Express;No;No;Credit Card
1736;2648;16;16/05/2023;XL;4;No;Store Pickup;No;No;Venmo
2672;4200;1;17/05/2023;XL;2.6;No;Store Pickup;No;No;Bank Transfer
83;3588;16;18/05/2023;M;3.5;No;Store Pickup;No;No;Debit Card
3843;3391;18;19/05/2023;S;2.8;No;Store Pickup;No;No;Bank Transfer
2331;589;18;20/05/2023;XL;4.5;No;Store Pickup;No;No;Cash
2797;996;20;21/05/2023;XL;3;No;Free Shipping;No;No;Credit Card
3444;78;11;22/05/2023;M;4.4;No;Store Pickup;No;No;Credit Card
48;8751;7;23/05/2023;M;4.7;No;Next Day Air;No;No;PayPal
578;3599;4;24/05/2023;L;4.3;No;Standard;No;No;Cash
1830;682;14;25/05/2023;S;4.8;No;Free Shipping;No;No;Credit Card
2031;1350;4;26/05/2023;L;4.8;No;Store Pickup;No;No;Cash
859;114;13;27/05/2023;S;4.4;No;Next Day Air;No;No;Credit Card
2810;4357;4;28/05/2023;M;3.7;No;Free Shipping;No;No;Credit Card
1289;4616;19;29/05/2023;M;3.9;No;Express;No;No;Venmo
2805;4181;9;30/05/2023;S;3.8;No;Express;No;No;Venmo
2435;3320;17;31/05/2023;M;4.1;No;Store Pickup;No;No;Credit Card
2514;8542;9;01/06/2023;L;4;No;Store Pickup;No;No;Cash
2865;4962;17;02/06/2023;XL;4.5;No;Express;No;No;Credit Card
798;1284;2;03/06/2023;S;4;No;Express;No;No;Cash
384;9528;17;04/06/2023;M;4.5;No;2-Day Shipping;No;No;Credit Card
1871;949;15;05/06/2023;M;2.7;No;Standard;No;No;Debit Card
2538;4235;15;06/06/2023;S;3.8;No;Next Day Air;No;No;Venmo
2741;1110;17;07/06/2023;L;3.8;No;Standard;No;No;Debit Card
2866;1402;17;08/06/2023;L;3.8;No;2-Day Shipping;No;No;Credit Card
373;111;16;09/06/2023;L;4.3;No;Next Day Air;No;No;Debit Card
3146;5952;3;10/06/2023;M;3.5;No;Free Shipping;No;No;Bank Transfer
1409;3200;10;11/06/2023;M;3.8;No;Next Day Air;No;No;Credit Card
795;8157;7;12/06/2023;M;3.7;No;2-Day Shipping;No;No;Debit Card
1521;4915;10;13/06/2023;M;4.8;No;2-Day Shipping;No;No;PayPal
1817;2534;2;14/06/2023;L;4.9;No;Free Shipping;No;No;PayPal
865;7026;8;15/06/2023;M;4.3;No;Store Pickup;No;No;PayPal
405;9519;8;16/06/2023;L;4.4;No;Next Day Air;No;No;Venmo
2908;7474;12;17/06/2023;M;3.4;No;Free Shipping;No;No;PayPal
3155;8486;2;18/06/2023;XL;4.3;No;Next Day Air;No;No;Debit Card
1989;5928;17;19/06/2023;L;4.6;No;Store Pickup;No;No;Credit Card
3501;724;19;20/06/2023;L;3.8;No;Free Shipping;No;No;Debit Card
887;5382;8;21/06/2023;S;3.9;No;Express;No;No;Bank Transfer
521;1828;14;22/06/2023;M;2.6;No;Store Pickup;No;No;PayPal
197;9694;9;23/06/2023;M;4.2;No;Store Pickup;No;No;PayPal
1519;4319;11;24/06/2023;L;4.6;No;Store Pickup;No;No;Bank Transfer
3659;5609;11;25/06/2023;M;5;No;Standard;No;No;Credit Card
1020;7052;3;26/06/2023;L;4.2;No;Standard;No;No;Bank Transfer
2521;9955;5;27/06/2023;L;4.3;No;Store Pickup;No;No;Credit Card
650;8044;14;28/06/2023;XL;3.3;No;Free Shipping;No;No;Cash
1387;4730;6;29/06/2023;M;4.9;No;Express;No;No;PayPal
3234;534;9;30/06/2023;L;4.4;No;Standard;No;No;Bank Transfer
3798;5504;16;01/07/2023;M;3.1;No;2-Day Shipping;No;No;PayPal
686;9053;5;02/07/2023;XL;3.5;No;Store Pickup;No;No;Cash
3771;2056;7;03/07/2023;M;3.9;No;2-Day Shipping;No;No;PayPal
2347;8059;11;04/07/2023;XL;3.9;No;Store Pickup;No;No;PayPal
2917;336;10;05/07/2023;M;4.3;No;Store Pickup;No;No;Debit Card
3481;8148;7;06/07/2023;S;3.8;No;Express;No;No;Venmo
2647;2766;4;07/07/2023;L;2.7;No;2-Day Shipping;No;No;Bank Transfer
408;8798;6;08/07/2023;M;4.4;No;Store Pickup;No;No;Credit Card
1345;9581;12;09/07/2023;L;3.5;No;Express;No;No;Venmo
2468;772;15;10/07/2023;M;3.4;No;Free Shipping;No;No;PayPal
3139;8175;3;11/07/2023;L;4;No;Standard;No;No;PayPal
2895;3863;10;12/07/2023;L;4.8;No;Express;No;No;PayPal
2916;1971;14;13/07/2023;L;4.5;No;Next Day Air;No;No;PayPal
1704;9614;7;14/07/2023;M;4.4;No;Standard;No;No;Debit Card
2128;3319;14;15/07/2023;L;4.1;No;2-Day Shipping;No;No;Debit Card
1756;2941;4;16/07/2023;M;4.6;No;Next Day Air;No;No;Credit Card
3848;7574;1;17/07/2023;M;3.8;No;Store Pickup;No;No;Cash
401;5085;1;18/07/2023;L;2.9;No;Free Shipping;No;No;Bank Transfer
1495;65;4;19/07/2023;M;2.8;No;Standard;No;No;Credit Card
2517;2937;20;20/07/2023;XL;3;No;Store Pickup;No;No;Bank Transfer
2390;7644;3;21/07/2023;S;4.2;No;2-Day Shipping;No;No;Credit Card
3888;5372;12;22/07/2023;S;4.1;No;Free Shipping;No;No;Credit Card
2810;3181;17;23/07/2023;XL;4.1;No;Express;No;No;Venmo
599;3469;9;24/07/2023;L;4.6;No;2-Day Shipping;No;No;PayPal
839;1499;5;25/07/2023;L;2.5;No;Store Pickup;No;No;Venmo
1940;5100;6;26/07/2023;L;3;No;Store Pickup;No;No;Debit Card
2651;3318;6;27/07/2023;M;3.8;No;Next Day Air;No;No;PayPal
1084;7183;5;28/07/2023;M;4.1;No;Free Shipping;No;No;Venmo
3003;918;3;29/07/2023;L;3.3;No;Standard;No;No;PayPal
3297;2680;7;30/07/2023;M;5;No;2-Day Shipping;No;No;Credit Card
2479;2033;4;31/07/2023;S;3.8;No;Next Day Air;No;No;Debit Card
2506;4441;4;01/08/2023;L;3.3;No;Express;No;No;Debit Card
1260;4779;19;02/08/2023;M;5;No;Express;No;No;Debit Card
2167;6060;17;03/08/2023;L;2.9;No;2-Day Shipping;No;No;PayPal
1501;1210;1;04/08/2023;M;2.5;No;Next Day Air;No;No;Venmo
3089;8364;16;05/08/2023;M;4.7;No;Standard;No;No;Bank Transfer
1241;5802;17;06/08/2023;L;2.9;No;2-Day Shipping;No;No;Cash
654;4050;8;07/08/2023;M;3.7;No;Store Pickup;No;No;Credit Card
2120;271;9;08/08/2023;XL;4.4;No;2-Day Shipping;No;No;Credit Card
3247;5007;11;09/08/2023;L;2.9;No;Next Day Air;No;No;Debit Card
1614;6242;13;10/08/2023;L;3.6;No;Store Pickup;No;No;Venmo
2931;5593;9;11/08/2023;S;4.8;No;2-Day Shipping;No;No;Credit Card
2405;6618;5;12/08/2023;L;4.7;No;Free Shipping;No;No;Debit Card
3520;7952;7;13/08/2023;M;2.6;No;Free Shipping;No;No;Cash
3313;9190;19;14/08/2023;L;3.4;No;Standard;No;No;Cash
3708;2761;14;15/08/2023;L;3.5;No;Next Day Air;No;No;Debit Card
3594;4950;8;16/08/2023;M;3.4;No;2-Day Shipping;No;No;Bank Transfer
2820;5070;10;17/08/2023;S;5;No;2-Day Shipping;No;No;Bank Transfer
523;9553;12;18/08/2023;M;4.6;No;Standard;No;No;PayPal
2163;1302;16;19/08/2023;L;4.8;No;2-Day Shipping;No;No;Bank Transfer
2454;9148;1;20/08/2023;L;3.7;No;Free Shipping;No;No;Cash
3000;4276;20;21/08/2023;M;4.7;No;Next Day Air;No;No;Bank Transfer
3754;9865;4;22/08/2023;XL;4.4;No;Express;No;No;Bank Transfer
1368;5585;18;23/08/2023;M;3.5;No;2-Day Shipping;No;No;Debit Card
3385;313;18;24/08/2023;L;3.8;No;Standard;No;No;Debit Card
3043;5864;15;25/08/2023;M;4.7;No;Next Day Air;No;No;Bank Transfer
33;6610;17;26/08/2023;L;3.1;No;Store Pickup;No;No;Credit Card
2861;335;4;27/08/2023;XL;5;No;Free Shipping;No;No;PayPal
3142;2931;7;28/08/2023;M;3.7;No;Free Shipping;No;No;Debit Card
1074;6353;1;29/08/2023;M;3;No;Next Day Air;No;No;Debit Card
955;7509;16;30/08/2023;S;4.5;No;Store Pickup;No;No;Venmo
1551;5300;17;31/08/2023;L;4.7;No;Express;No;No;Credit Card
218;4956;2;01/09/2023;L;3.5;No;Free Shipping;No;No;Debit Card
2888;5079;8;02/09/2023;M;4.4;No;2-Day Shipping;No;No;Cash
833;5926;11;03/09/2023;L;2.6;No;Standard;No;No;Bank Transfer
1482;8816;14;04/09/2023;M;4.2;No;2-Day Shipping;No;No;Venmo
2287;1399;18;05/09/2023;M;2.6;No;Express;No;No;Venmo
244;8165;3;06/09/2023;S;4.8;No;Free Shipping;No;No;Bank Transfer
2738;5343;18;07/09/2023;L;2.9;No;Store Pickup;No;No;PayPal
559;8813;5;08/09/2023;S;4.3;No;2-Day Shipping;No;No;Credit Card
1555;8599;17;09/09/2023;XL;2.6;No;Store Pickup;No;No;Venmo
2272;579;3;10/09/2023;M;3.8;No;Next Day Air;No;No;PayPal
3446;3967;19;11/09/2023;L;4.2;No;Standard;No;No;Credit Card
3561;2442;13;12/09/2023;M;3.9;No;Store Pickup;No;No;Venmo
2147;1566;9;13/09/2023;M;3.1;No;Free Shipping;No;No;Credit Card
1501;9885;18;14/09/2023;S;3.6;No;Store Pickup;No;No;Cash
2288;2771;7;15/09/2023;S;4;No;Express;No;No;PayPal
2723;2920;7;16/09/2023;L;3.4;No;Next Day Air;No;No;Bank Transfer
2228;2590;5;17/09/2023;M;2.6;No;Standard;No;No;Credit Card
3194;4951;5;18/09/2023;L;4.5;No;Express;No;No;Venmo
3512;2726;9;19/09/2023;M;4.9;No;Standard;No;No;Debit Card
3495;1728;6;20/09/2023;M;4.4;No;2-Day Shipping;No;No;PayPal
3565;4605;5;21/09/2023;XL;3.5;No;Express;No;No;Venmo
2717;198;10;22/09/2023;S;3.3;No;Express;No;No;Bank Transfer
641;6716;1;23/09/2023;L;3.1;No;Standard;No;No;Debit Card
3118;5391;6;24/09/2023;S;4.2;No;Express;No;No;Cash
2058;9415;9;25/09/2023;M;4.9;No;Next Day Air;No;No;PayPal
711;9190;20;26/09/2023;M;3.9;No;Standard;No;No;Credit Card
2531;3041;11;27/09/2023;M;4.2;No;Free Shipping;No;No;Cash
1598;3514;18;28/09/2023;S;4.9;No;Store Pickup;No;No;PayPal
840;6872;11;29/09/2023;M;2.8;No;Store Pickup;No;No;Bank Transfer
1174;7760;9;30/09/2023;M;4.1;No;Standard;No;No;Debit Card
1080;4514;18;10/10/2023;M;4.8;No;Next Day Air;No;No;Venmo
2330;6330;2;11/10/2023;S;4.1;No;Next Day Air;No;No;Cash
2270;944;19;12/10/2023;M;3;No;Free Shipping;No;No;Debit Card
2868;772;19;13/10/2023;L;4.2;No;2-Day Shipping;No;No;Credit Card
3445;8122;2;14/10/2023;L;3.8;No;Standard;No;No;Credit Card
485;1478;4;15/10/2023;S;3.3;No;2-Day Shipping;No;No;Bank Transfer
1022;4026;3;16/10/2023;L;4.7;No;2-Day Shipping;No;No;Venmo
884;2663;6;17/10/2023;M;4.3;No;2-Day Shipping;No;No;Credit Card
1852;3589;4;18/10/2023;M;2.7;No;Standard;No;No;Credit Card
816;8483;7;19/10/2023;XL;4.2;No;Express;No;No;Cash
360;1454;16;20/10/2023;L;4.2;No;Free Shipping;No;No;PayPal
3789;2568;7;21/10/2023;S;2.5;No;Next Day Air;No;No;Venmo
3394;917;19;22/10/2023;L;3.6;No;Express;No;No;Credit Card
3190;2761;6;23/10/2023;L;3.4;No;Standard;No;No;Bank Transfer
2442;7212;20;24/10/2023;M;3.3;No;Standard;No;No;Debit Card
184;6839;15;25/10/2023;M;4.6;No;Standard;No;No;PayPal
192;1116;12;26/10/2023;M;3.9;No;Store Pickup;No;No;Venmo
2710;1961;12;27/10/2023;M;3.7;No;Next Day Air;No;No;Debit Card
494;2661;10;28/10/2023;XL;3.1;No;Express;No;No;PayPal
2334;6927;6;29/10/2023;M;4.9;No;Express;No;No;Debit Card
2462;8763;2;30/10/2023;L;4.7;No;Standard;No;No;Debit Card
1090;8196;5;31/10/2023;L;2.9;No;Next Day Air;No;No;Credit Card
109;8986;20;01/11/2023;XL;4.1;No;Express;No;No;Cash
3294;2348;20;02/11/2023;L;4;No;Next Day Air;No;No;Cash
673;9540;1;03/11/2023;L;2.7;No;Store Pickup;No;No;PayPal
1206;3094;11;04/11/2023;M;4;No;2-Day Shipping;No;No;Debit Card
203;8121;13;05/11/2023;M;2.5;No;Next Day Air;No;No;PayPal
34;738;8;06/11/2023;M;4.5;No;Free Shipping;No;No;PayPal
2305;8123;17;07/11/2023;M;3.9;No;Express;No;No;Debit Card
2028;9384;9;08/11/2023;L;4.9;No;2-Day Shipping;No;No;Bank Transfer
2799;4420;3;09/11/2023;L;3.3;No;2-Day Shipping;No;No;PayPal
3605;3743;17;10/11/2023;M;3.8;No;Express;No;No;PayPal
1741;4928;3;11/11/2023;L;2.9;No;Standard;No;No;Venmo
671;1370;19;12/11/2023;M;4;No;2-Day Shipping;No;No;Debit Card
2523;6017;14;13/11/2023;M;4.1;No;Store Pickup;No;No;Debit Card
2410;7919;3;14/11/2023;M;3.1;No;Store Pickup;No;No;Bank Transfer
1900;6961;6;15/11/2023;XL;4.6;No;Express;No;No;Debit Card
1334;8671;9;16/11/2023;M;4.6;No;Next Day Air;No;No;Bank Transfer
2434;3844;10;17/11/2023;L;2.6;No;2-Day Shipping;No;No;Cash
1696;2978;9;18/11/2023;M;5;No;2-Day Shipping;No;No;PayPal
2927;1980;1;19/11/2023;L;2.9;No;2-Day Shipping;No;No;Debit Card
3795;5776;14;20/11/2023;M;3.5;No;2-Day Shipping;No;No;PayPal
2894;243;16;21/11/2023;M;3.7;No;2-Day Shipping;No;No;Venmo
2097;8012;10;22/11/2023;L;2.9;No;Store Pickup;No;No;Venmo
2334;7009;5;23/11/2023;M;4.3;No;Free Shipping;No;No;Bank Transfer
238;4343;1;24/11/2023;L;3.2;No;Store Pickup;No;No;Cash
403;3081;20;25/11/2023;M;4.2;No;Next Day Air;No;No;Credit Card
3084;1315;6;26/11/2023;M;4.2;No;Standard;No;No;PayPal
1111;8410;17;27/11/2023;M;3.8;No;Free Shipping;No;No;Cash
1890;3427;2;28/11/2023;M;4.4;No;Standard;No;No;Debit Card
381;9540;20;29/11/2023;L;3.1;No;2-Day Shipping;No;No;Credit Card
3446;282;11;30/11/2023;XL;5;No;Standard;No;No;Debit Card
140;9695;10;01/12/2023;M;4.7;No;Standard;No;No;PayPal
2314;1469;3;02/12/2023;M;3;No;Express;No;No;Credit Card
3347;7837;6;03/12/2023;XL;4.2;No;Next Day Air;No;No;Debit Card
1560;3612;4;04/12/2023;L;3;No;Store Pickup;No;No;Cash
477;2618;5;05/12/2023;M;3.7;No;Free Shipping;No;No;PayPal
852;6318;3;06/12/2023;M;2.7;No;Free Shipping;No;No;Cash
2834;9069;18;07/12/2023;M;4.3;No;2-Day Shipping;No;No;Bank Transfer
920;8027;2;08/12/2023;XL;2.7;No;2-Day Shipping;No;No;Bank Transfer
963;7615;16;09/12/2023;M;3.7;No;Next Day Air;No;No;Credit Card
3810;792;5;10/12/2023;XL;4.3;No;Standard;No;No;Bank Transfer
2497;8245;11;11/12/2023;S;4;No;Next Day Air;No;No;Credit Card
890;9426;1;12/12/2023;M;3.3;No;Standard;No;No;Venmo
295;8523;8;13/12/2023;S;4;No;Next Day Air;No;No;Cash
6;449;10;14/12/2023;M;2.7;No;Next Day Air;No;No;Credit Card
3373;702;10;15/12/2023;S;4.2;No;Free Shipping;No;No;PayPal
1414;8515;8;16/12/2023;L;4.6;No;Standard;No;No;Debit Card
3001;2817;4;17/12/2023;M;4.8;No;Store Pickup;No;No;Credit Card
2111;557;14;18/12/2023;M;2.8;No;Free Shipping;No;No;Credit Card
380;9433;12;19/12/2023;M;4.5;No;Next Day Air;No;No;Bank Transfer
1320;6010;17;20/12/2023;S;3;No;2-Day Shipping;No;No;Bank Transfer
2474;7738;1;21/12/2023;M;4.6;No;Free Shipping;No;No;Debit Card
70;6595;11;22/12/2023;M;3.3;No;Standard;No;No;Cash
983;8620;2;23/12/2023;M;4.4;No;Next Day Air;No;No;Debit Card
2968;8475;9;24/12/2023;XL;4.4;No;Standard;No;No;Credit Card
2377;2706;6;25/12/2023;XL;4.3;No;Express;No;No;Cash
2311;5775;5;26/12/2023;S;3.4;No;Express;No;No;Bank Transfer
591;9721;16;27/12/2023;M;2.8;No;Store Pickup;No;No;Venmo
3436;5520;12;28/12/2023;M;3.4;No;Standard;No;No;Cash
2840;7840;5;01/01/2023;M;5;No;Store Pickup;No;No;Credit Card
736;1575;10;28/12/2022;S;4.5;No;Free Shipping;No;No;Cash
1911;4571;20;29/12/2022;M;2.7;No;Store Pickup;No;No;Credit Card
493;3009;10;30/12/2022;XL;3.4;No;Store Pickup;No;No;Credit Card
491;6999;18;31/12/2022;S;3.4;No;Express;No;No;Venmo
1841;8979;4;01/01/2023;M;2.8;No;Standard;No;No;Bank Transfer
2951;9711;4;02/01/2023;M;4.7;No;Standard;No;No;Bank Transfer
1249;6063;12;03/01/2023;M;4.7;No;Free Shipping;No;No;Credit Card
2639;3928;3;04/01/2023;L;4.7;No;Free Shipping;No;No;Debit Card
306;2049;18;05/01/2023;M;3.4;No;2-Day Shipping;No;No;Bank Transfer
2766;1568;7;06/01/2023;S;3.7;No;Express;No;No;Debit Card
2712;695;17;07/01/2023;M;4.1;No;Store Pickup;No;No;Cash
1831;7925;8;08/01/2023;L;2.9;No;2-Day Shipping;No;No;Credit Card
1298;4510;2;09/01/2023;L;3.2;No;Store Pickup;No;No;Venmo
1764;148;18;10/01/2023;S;3;No;Free Shipping;No;No;PayPal
611;4078;9;11/01/2023;S;4.1;No;Express;No;No;Venmo
1953;3433;17;12/01/2023;M;4.5;No;Standard;No;No;Venmo
1243;2274;19;13/01/2023;M;3.4;No;Store Pickup;No;No;Venmo
719;1946;2;14/01/2023;L;4.1;No;Express;No;No;Bank Transfer
1091;4000;7;15/01/2023;XL;4.6;No;Store Pickup;No;No;Cash
2685;672;1;16/01/2023;M;4.6;No;Express;No;No;Venmo
1288;6766;13;17/01/2023;L;3.4;No;Express;No;No;Cash
1944;4716;20;18/01/2023;M;3.3;No;2-Day Shipping;No;No;PayPal
3322;1446;14;19/01/2023;M;3.6;No;2-Day Shipping;No;No;Cash
2855;4089;12;20/01/2023;L;4.6;No;Free Shipping;No;No;Bank Transfer
2960;3061;14;21/01/2023;L;4.3;No;2-Day Shipping;No;No;Cash
2940;2686;17;22/01/2023;S;4;No;Store Pickup;No;No;Credit Card
3147;1617;4;23/01/2023;L;4.8;No;Next Day Air;No;No;Credit Card
2038;5912;19;24/01/2023;XL;4.3;No;Standard;No;No;Bank Transfer
2740;1622;2;10/10/2023;XL;3.3;No;Standard;No;No;Cash
1760;2100;14;11/10/2023;L;2.8;No;Express;No;No;Cash
3683;63;20;12/10/2023;M;4.4;No;Free Shipping;No;No;Bank Transfer
677;746;1;13/10/2023;S;3.7;No;Express;No;No;Cash
1831;6325;2;14/10/2023;M;3.6;No;Express;No;No;Credit Card
877;1279;4;15/10/2023;L;3.7;No;2-Day Shipping;No;No;Venmo
3455;4563;2;16/10/2023;M;5;No;Standard;No;No;PayPal
294;5523;5;17/10/2023;XL;2.7;No;Next Day Air;No;No;Credit Card
1632;9323;4;18/10/2023;M;4.3;No;Store Pickup;No;No;Cash
993;858;9;19/10/2023;M;4.1;No;Standard;No;No;Credit Card
2592;9492;16;20/10/2023;M;2.6;No;Next Day Air;No;No;Cash
1853;8206;20;21/10/2023;M;3.2;No;Store Pickup;No;No;Bank Transfer
3013;8453;12;22/10/2023;S;3.5;No;Next Day Air;No;No;Venmo
1065;7848;13;23/10/2023;M;3.7;No;Next Day Air;No;No;Cash
856;5316;6;24/10/2023;L;3.8;No;2-Day Shipping;No;No;PayPal
3429;7365;7;25/10/2023;S;4.8;No;2-Day Shipping;No;No;Bank Transfer
2873;8315;14;26/10/2023;S;4.2;No;Standard;No;No;Credit Card
99;6726;18;27/10/2023;XL;2.9;No;Next Day Air;No;No;Credit Card
3899;7047;20;28/10/2023;XL;2.9;No;Free Shipping;No;No;Debit Card
2371;8733;11;29/10/2023;S;4.8;No;Next Day Air;No;No;Credit Card
2974;2864;20;30/10/2023;S;2.9;No;Standard;No;No;Debit Card
509;8187;4;31/10/2023;M;4.8;No;2-Day Shipping;No;No;Cash
345;1839;3;01/11/2023;M;4.6;No;2-Day Shipping;No;No;Bank Transfer
1533;995;1;02/11/2023;L;4.4;No;Store Pickup;No;No;Credit Card
1121;3445;13;03/11/2023;L;3;No;Next Day Air;No;No;PayPal
216;9668;9;04/11/2023;XL;4.4;No;Express;No;No;PayPal
1756;5560;19;05/11/2023;M;3.9;No;Express;No;No;Venmo
128;8410;4;06/11/2023;M;4;No;Free Shipping;No;No;Cash
1261;5201;3;07/11/2023;M;2.5;No;Express;No;No;Bank Transfer
2111;3474;3;08/11/2023;S;4.1;No;Next Day Air;No;No;Bank Transfer
281;5952;13;09/11/2023;S;4.8;No;2-Day Shipping;No;No;Venmo
2463;7060;4;10/11/2023;S;2.6;No;Store Pickup;No;No;Debit Card
2681;649;5;11/11/2023;XL;3.1;No;Free Shipping;No;No;Credit Card
3317;5558;17;12/11/2023;S;3.2;No;Store Pickup;No;No;Credit Card
2427;4210;15;13/11/2023;M;4.2;No;Standard;No;No;Bank Transfer
3497;4676;6;14/11/2023;S;2.6;No;Next Day Air;No;No;Cash
789;1148;18;15/11/2023;L;3.1;No;Next Day Air;No;No;Cash
2738;3208;17;16/11/2023;M;2.9;No;Store Pickup;No;No;Cash
987;7363;15;17/11/2023;M;4.6;No;Free Shipping;No;No;Venmo
746;8521;2;18/11/2023;L;4.1;No;Standard;No;No;PayPal
3844;1483;5;19/11/2023;M;2.5;No;Store Pickup;No;No;Debit Card
1237;445;4;20/11/2023;M;4;No;Store Pickup;No;No;Cash
3273;2351;10;21/11/2023;M;3.5;No;Express;No;No;PayPal
585;7221;19;22/11/2023;XL;4.4;No;Free Shipping;No;No;Venmo
3857;8606;3;23/11/2023;M;2.9;No;Store Pickup;No;No;Credit Card
3555;4295;3;24/11/2023;XL;3.1;No;2-Day Shipping;No;No;Debit Card
1308;2237;15;25/11/2023;M;4.4;No;Free Shipping;No;No;Bank Transfer
3419;3901;5;26/11/2023;L;4.4;No;Standard;No;No;Credit Card
3072;3519;11;27/11/2023;M;2.7;No;Store Pickup;No;No;PayPal
8;60;18;28/11/2023;M;4.9;No;Free Shipping;No;No;Credit Card
3629;1288;19;29/11/2023;L;3.5;No;2-Day Shipping;No;No;Cash
3846;9872;15;30/11/2023;L;4.8;No;Free Shipping;No;No;PayPal
648;6338;18;01/12/2023;M;4.2;No;2-Day Shipping;No;No;Cash
2059;6045;15;02/12/2023;XL;4.6;No;Standard;No;No;Debit Card
1226;7653;5;03/12/2023;L;2.9;No;Standard;No;No;Venmo
3047;2122;1;04/12/2023;XL;4;No;Store Pickup;No;No;Venmo
2028;7103;11;05/12/2023;L;4.9;No;Standard;No;No;Credit Card
3777;2939;11;06/12/2023;L;3.1;No;Next Day Air;No;No;Cash
2773;6815;10;07/12/2023;M;4.4;No;Standard;No;No;PayPal
3694;5423;17;08/12/2023;S;2.5;No;2-Day Shipping;No;No;Debit Card
2250;9236;16;09/12/2023;S;3.4;No;Express;No;No;Bank Transfer
2033;1019;10;10/12/2023;M;3.7;No;Express;No;No;Credit Card
1296;999;12;11/12/2023;M;4.2;No;Standard;No;No;PayPal
442;5083;6;12/12/2023;S;3.4;No;Express;No;No;PayPal
3496;582;10;13/12/2023;M;3.6;No;Express;No;No;Bank Transfer
1373;5159;8;14/12/2023;S;4.7;No;2-Day Shipping;No;No;Debit Card
3867;1433;2;15/12/2023;M;4.7;No;Next Day Air;No;No;Bank Transfer
3892;7169;10;16/12/2023;S;3.6;No;Free Shipping;No;No;Debit Card
483;1838;8;17/12/2023;M;4.6;No;Free Shipping;No;No;Cash
3323;7554;11;18/12/2023;S;2.6;No;Next Day Air;No;No;Debit Card
776;1011;2;19/12/2023;S;3.1;No;Standard;No;No;Cash
1790;4215;20;20/12/2023;XL;3.2;No;Free Shipping;No;No;Cash
2849;6652;5;21/12/2023;S;3.9;No;Express;No;No;Bank Transfer
2552;2250;4;22/12/2023;L;4.9;No;Express;No;No;PayPal
3420;3435;11;23/12/2023;M;4.1;No;2-Day Shipping;No;No;PayPal
2876;933;12;24/12/2023;M;4.2;No;Next Day Air;No;No;Credit Card
3812;778;2;25/12/2023;M;4.1;No;Next Day Air;No;No;Cash
2116;718;4;26/12/2023;M;3.9;No;Free Shipping;No;No;Debit Card
2632;7457;9;27/12/2023;M;2.7;No;Next Day Air;No;No;Venmo
3089;4596;5;28/12/2023;M;3.7;No;Express;No;No;PayPal
1613;7891;16;01/01/2023;L;2.7;No;Next Day Air;No;No;PayPal
342;3789;13;28/12/2022;M;2.5;No;Next Day Air;No;No;Venmo
1079;1534;18;29/12/2022;L;3.9;No;Free Shipping;No;No;Debit Card
3486;3492;10;30/12/2022;L;3;No;Express;No;No;Credit Card
1172;7029;13;31/12/2022;M;3.2;No;2-Day Shipping;No;No;Cash
1022;7365;2;01/01/2023;L;3.8;No;Standard;No;No;Credit Card
702;8069;6;02/01/2023;M;2.7;No;Standard;No;No;Debit Card
248;8019;11;03/01/2023;XL;3;No;Store Pickup;No;No;Debit Card
1800;9006;5;04/01/2023;M;4.1;No;Next Day Air;No;No;Debit Card
75;9732;18;05/01/2023;XL;3.2;No;2-Day Shipping;No;No;Credit Card
2486;4970;8;06/01/2023;M;4.5;No;Store Pickup;No;No;Venmo
1476;900;8;07/01/2023;M;4.3;No;Store Pickup;No;No;Debit Card
2125;823;15;08/01/2023;M;3.5;No;Standard;No;No;Credit Card
2857;3811;10;09/01/2023;XL;3.1;No;Standard;No;No;Bank Transfer
2128;2422;8;10/01/2023;L;3.9;No;Standard;No;No;PayPal
1686;1719;8;11/01/2023;M;2.7;No;Express;No;No;PayPal
2877;3494;16;12/01/2023;S;4;No;Free Shipping;No;No;Debit Card
2836;8551;12;13/01/2023;M;2.7;No;Next Day Air;No;No;Debit Card
3200;9929;18;14/01/2023;L;2.7;No;Free Shipping;No;No;Debit Card
2147;2134;5;15/01/2023;XL;4.7;No;Standard;No;No;Cash
1616;9385;6;16/01/2023;XL;4.5;No;Standard;No;No;Venmo
733;1690;16;17/01/2023;L;3;No;2-Day Shipping;No;No;Bank Transfer
3697;934;12;18/01/2023;S;3.6;No;Store Pickup;No;No;Venmo
2717;9382;10;19/01/2023;S;3.3;No;Standard;No;No;PayPal
2106;8822;7;20/01/2023;XL;4.3;No;Store Pickup;No;No;Cash
2531;136;19;21/01/2023;XL;4.3;No;Express;No;No;PayPal
1550;3178;11;22/01/2023;M;4.8;No;Free Shipping;No;No;Bank Transfer
942;4606;10;23/01/2023;XL;4;No;Store Pickup;No;No;PayPal
1640;6664;13;24/01/2023;L;3.5;No;Standard;No;No;Cash
2213;3617;20;25/01/2023;M;3.9;No;Next Day Air;No;No;Bank Transfer
2975;9836;14;26/01/2023;M;4.4;No;Store Pickup;No;No;Bank Transfer
3509;9983;4;27/01/2023;M;4.6;No;2-Day Shipping;No;No;Credit Card
1812;6397;8;28/01/2023;M;4;No;Express;No;No;PayPal
932;2632;8;29/01/2023;M;4.2;No;Free Shipping;No;No;Debit Card
305;6736;15;30/01/2023;L;4.5;No;Next Day Air;No;No;Bank Transfer
865;448;16;31/01/2023;M;3.9;No;Free Shipping;No;No;Cash
931;8487;8;01/02/2023;M;3.7;No;Express;No;No;Venmo
2080;1779;14;02/02/2023;S;3.6;No;Store Pickup;No;No;Bank Transfer
1052;7333;10;03/02/2023;M;4.7;No;Express;No;No;Credit Card
2220;8788;3;04/02/2023;S;3.6;No;2-Day Shipping;No;No;Venmo
2975;7365;3;05/02/2023;M;2.5;No;Next Day Air;No;No;Cash
2488;9858;13;06/02/2023;L;2.9;No;Store Pickup;No;No;Bank Transfer
1237;7735;19;07/02/2023;L;4.4;No;Free Shipping;No;No;Debit Card
668;5702;11;08/02/2023;L;4.6;No;Express;No;No;Credit Card
3577;6870;3;09/02/2023;M;3.7;No;Express;No;No;PayPal
2488;9939;5;10/02/2023;M;3.2;No;Free Shipping;No;No;Venmo
102;5490;12;11/02/2023;M;4.9;No;2-Day Shipping;No;No;PayPal
2134;8;7;12/02/2023;M;5;No;Free Shipping;No;No;Venmo
1181;5864;17;13/02/2023;S;3.3;No;Express;No;No;Cash
1520;9268;14;14/02/2023;XL;4.4;No;Store Pickup;No;No;Venmo
1195;1669;2;15/02/2023;S;4.7;No;Store Pickup;No;No;Bank Transfer
542;5001;14;16/02/2023;L;3.6;No;Free Shipping;No;No;Cash
2970;9692;11;17/02/2023;XL;3.2;No;Free Shipping;No;No;Bank Transfer
3313;320;6;18/02/2023;L;3;No;Next Day Air;No;No;Credit Card
159;8788;6;19/02/2023;XL;4.4;No;Store Pickup;No;No;Venmo
4;2481;2;20/02/2023;XL;3.3;No;Express;No;No;Debit Card
105;5871;18;21/02/2023;M;3.4;No;Express;No;No;Credit Card
2541;8485;5;22/02/2023;M;3.9;No;Express;No;No;Bank Transfer
1881;2030;1;23/02/2023;L;2.9;No;Store Pickup;No;No;Cash
1040;485;19;24/02/2023;M;2.9;No;Free Shipping;No;No;Venmo
409;5802;6;25/02/2023;M;2.7;No;2-Day Shipping;No;No;Cash
1825;8275;15;26/02/2023;M;3.4;No;Store Pickup;No;No;Debit Card
652;3697;15;27/02/2023;M;3.7;No;2-Day Shipping;No;No;Venmo
814;4155;16;28/02/2023;L;4.7;No;Standard;No;No;Bank Transfer
2128;5314;5;01/03/2023;XL;3.1;No;Express;No;No;PayPal
738;9403;7;02/03/2023;L;4.2;No;2-Day Shipping;No;No;Credit Card
3546;4004;3;03/03/2023;M;3;No;Store Pickup;No;No;Debit Card
206;8922;20;04/03/2023;M;3.1;No;Express;No;No;Cash
3606;6761;7;05/03/2023;L;4.2;No;2-Day Shipping;No;No;Cash
1736;9637;1;06/03/2023;M;3.8;No;Next Day Air;No;No;Venmo
3734;9404;8;07/03/2023;M;2.9;No;Express;No;No;Bank Transfer
2360;7861;2;08/03/2023;M;4.2;No;Express;No;No;Bank Transfer
1924;9132;6;09/03/2023;M;3.1;No;2-Day Shipping;No;No;Debit Card
1080;2370;16;10/03/2023;XL;3.6;No;Express;No;No;Cash
3711;2087;20;11/03/2023;S;4.8;No;Standard;No;No;Bank Transfer
1630;3344;3;12/03/2023;L;4.1;No;Express;No;No;Venmo
127;2675;5;13/03/2023;L;3.9;No;Free Shipping;No;No;Credit Card
2636;9559;2;14/03/2023;S;3;No;Standard;No;No;Debit Card
3057;2593;5;15/03/2023;M;3;No;Express;No;No;Bank Transfer
2802;379;16;16/03/2023;M;4.9;No;2-Day Shipping;No;No;Credit Card
2938;7133;13;17/03/2023;M;4.8;No;Next Day Air;No;No;Cash
2926;1332;17;18/03/2023;M;3.3;No;Standard;No;No;Credit Card
2671;6661;5;19/03/2023;L;2.7;No;Standard;No;No;Credit Card
3531;9752;8;20/03/2023;XL;4.2;No;Express;No;No;Credit Card
953;5072;11;21/03/2023;L;3.6;No;Next Day Air;No;No;Bank Transfer
2314;9155;1;22/03/2023;M;3.8;No;Next Day Air;No;No;Credit Card
109;785;6;23/03/2023;M;3.8;No;Free Shipping;No;No;Venmo
1913;4067;2;24/03/2023;S;4.2;No;Free Shipping;No;No;Cash
1411;5254;2;25/03/2023;S;2.7;No;Express;No;No;Cash
2072;648;16;26/03/2023;M;5;No;Next Day Air;No;No;Cash
587;260;14;27/03/2023;M;4.7;No;Next Day Air;No;No;Credit Card
2826;9364;16;28/03/2023;S;3.2;No;Store Pickup;No;No;PayPal
1647;4285;5;29/03/2023;XL;2.9;No;2-Day Shipping;No;No;PayPal
2457;5116;20;30/03/2023;S;4.2;No;Store Pickup;No;No;Venmo
3405;7517;12;31/03/2023;M;3.7;No;Store Pickup;No;No;PayPal
1547;5328;7;01/04/2023;S;4.2;No;Store Pickup;No;No;Credit Card
3733;5387;18;02/04/2023;XL;2.6;No;Free Shipping;No;No;Debit Card
3735;3370;3;03/04/2023;L;4;No;Store Pickup;No;No;Venmo
2624;541;14;04/04/2023;XL;2.7;No;Next Day Air;No;No;Bank Transfer
2603;3237;4;05/04/2023;L;4;No;Store Pickup;No;No;Bank Transfer
1240;5169;10;06/04/2023;S;2.9;No;Next Day Air;No;No;Cash
717;778;12;07/04/2023;M;3.3;No;Standard;No;No;Bank Transfer
1882;5533;17;08/04/2023;L;4;No;Store Pickup;No;No;Bank Transfer
1288;8233;17;09/04/2023;S;3.9;No;Next Day Air;No;No;Debit Card
3214;7667;3;10/04/2023;M;3.3;No;2-Day Shipping;No;No;Debit Card
877;5399;19;11/04/2023;M;3.9;No;Next Day Air;No;No;PayPal
3131;6205;11;12/04/2023;M;3.9;No;Store Pickup;No;No;Bank Transfer
1198;4169;10;13/04/2023;L;4.2;No;Standard;No;No;Credit Card
1254;9586;7;14/04/2023;M;4.6;No;Store Pickup;No;No;PayPal
1794;5531;5;15/04/2023;L;3.3;No;2-Day Shipping;No;No;Credit Card
2393;9912;11;16/04/2023;L;4.8;No;Express;No;No;Venmo
3415;8136;6;17/04/2023;S;4.1;No;Next Day Air;No;No;PayPal
1913;9522;13;18/04/2023;M;3.4;No;Standard;No;No;Credit Card
63;296;2;19/04/2023;L;3.6;No;Express;No;No;Bank Transfer
2809;6269;3;20/04/2023;M;2.7;No;Express;No;No;Credit Card
1266;1420;8;21/04/2023;XL;3.2;No;Next Day Air;No;No;PayPal
3035;2198;9;22/04/2023;L;4.4;No;2-Day Shipping;No;No;Credit Card
3528;2542;1;23/04/2023;L;4.9;No;Express;No;No;Venmo
1569;4599;10;24/04/2023;XL;4.8;No;Express;No;No;Bank Transfer
2404;5759;14;25/04/2023;M;2.8;No;2-Day Shipping;No;No;PayPal
1325;6695;14;26/04/2023;L;2.9;No;Free Shipping;No;No;Bank Transfer
3081;9551;9;27/04/2023;L;3.2;No;Store Pickup;No;No;PayPal
854;5867;15;28/04/2023;L;3.5;No;Store Pickup;No;No;Venmo
2941;7415;16;29/04/2023;S;4.1;No;Store Pickup;No;No;Venmo
1893;5592;4;30/04/2023;M;4.1;No;Free Shipping;No;No;Cash
219;8119;3;01/05/2023;M;4.8;No;Next Day Air;No;No;PayPal
1024;2325;16;02/05/2023;L;2.8;No;Free Shipping;No;No;Credit Card
1776;9922;2;03/05/2023;M;4.7;No;Express;No;No;Bank Transfer
3048;6583;15;04/05/2023;XL;4.8;No;2-Day Shipping;No;No;PayPal
3671;4823;17;05/05/2023;M;2.9;No;Standard;No;No;Cash
1324;7112;7;06/05/2023;M;2.6;No;2-Day Shipping;No;No;Cash
349;5484;5;07/05/2023;S;3.3;No;Express;No;No;Cash
3265;3421;3;08/05/2023;M;3.4;No;Free Shipping;No;No;Cash
1544;930;19;09/05/2023;M;3.6;No;Free Shipping;No;No;Cash
2985;9537;12;10/05/2023;L;3.8;No;Next Day Air;No;No;PayPal
1062;5152;16;11/05/2023;M;3.4;No;2-Day Shipping;No;No;Credit Card
2270;1435;19;12/05/2023;S;3.8;No;Express;No;No;Debit Card
1858;9656;16;13/05/2023;L;3.3;No;Next Day Air;No;No;Venmo
2459;1208;11;14/05/2023;L;4.8;No;Standard;No;No;Debit Card
3020;3000;4;15/05/2023;L;3.9;No;2-Day Shipping;No;No;Venmo
1366;5213;5;16/05/2023;M;4.2;No;Next Day Air;No;No;Cash
2284;1827;5;17/05/2023;M;4.7;No;Free Shipping;No;No;Credit Card
1217;7564;6;18/05/2023;M;2.7;No;Express;No;No;Credit Card
1783;6408;7;19/05/2023;M;3.8;No;2-Day Shipping;No;No;Cash
3142;3640;19;20/05/2023;M;3.6;No;2-Day Shipping;No;No;Debit Card
3010;8043;14;21/05/2023;XL;2.9;No;2-Day Shipping;No;No;Credit Card
2502;7477;1;22/05/2023;M;3.9;No;Standard;No;No;PayPal
139;1695;6;23/05/2023;L;4.7;No;Free Shipping;No;No;Bank Transfer
2254;4156;6;24/05/2023;L;3.3;No;2-Day Shipping;No;No;Cash
2622;4899;13;25/05/2023;XL;4.2;No;Free Shipping;No;No;Debit Card
121;6325;6;26/05/2023;L;2.6;No;Standard;No;No;Cash
1969;2764;8;27/05/2023;M;4.9;No;Express;No;No;Credit Card
544;8031;5;28/05/2023;M;3.6;No;Standard;No;No;PayPal
619;2837;20;29/05/2023;M;4.7;No;Free Shipping;No;No;Debit Card
2687;8374;5;30/05/2023;L;3.2;No;Standard;No;No;Bank Transfer
1777;9334;2;31/05/2023;M;3.6;No;Store Pickup;No;No;Venmo
1171;6853;4;01/06/2023;M;3.6;No;2-Day Shipping;No;No;Debit Card
2027;3649;5;02/06/2023;XL;3.2;No;Standard;No;No;Cash
3281;7426;1;03/06/2023;L;2.8;No;Store Pickup;No;No;Bank Transfer
845;7555;3;04/06/2023;L;4;No;Next Day Air;No;No;Debit Card
3630;8306;6;05/06/2023;XL;4.4;No;Free Shipping;No;No;PayPal
3880;9945;14;06/06/2023;L;3.4;No;Next Day Air;No;No;Debit Card
2300;768;16;07/06/2023;S;5;No;Store Pickup;No;No;Credit Card
1251;415;16;08/06/2023;S;3.1;No;Express;No;No;Debit Card
870;601;2;09/06/2023;M;4.2;No;Standard;No;No;Cash
3066;3219;14;10/06/2023;M;3.3;No;Store Pickup;No;No;Debit Card
2373;8954;14;11/06/2023;S;2.9;No;Standard;No;No;Credit Card
3324;4003;3;12/06/2023;L;4.7;No;Standard;No;No;Bank Transfer
3728;3037;14;13/06/2023;L;4;No;Standard;No;No;Venmo
3070;5513;11;14/06/2023;L;4.6;No;Standard;No;No;Debit Card
661;445;10;15/06/2023;M;3.8;No;2-Day Shipping;No;No;Debit Card
1497;8557;17;16/06/2023;S;3.6;No;Store Pickup;No;No;Credit Card
2144;1899;19;17/06/2023;XL;4.1;No;Express;No;No;PayPal
1622;3152;13;18/06/2023;L;2.7;No;Store Pickup;No;No;Debit Card
2596;6109;7;19/06/2023;XL;4.3;No;Free Shipping;No;No;Credit Card
1015;4591;3;20/06/2023;M;4.9;No;Next Day Air;No;No;Venmo
679;433;5;21/06/2023;S;4.2;No;Free Shipping;No;No;Bank Transfer
2318;8067;3;22/06/2023;M;2.8;No;Store Pickup;No;No;Bank Transfer
3772;8837;15;23/06/2023;S;4.9;No;Free Shipping;No;No;PayPal
1271;1771;3;24/06/2023;M;2.8;No;2-Day Shipping;No;No;PayPal
713;4527;17;25/06/2023;XL;2.9;No;Store Pickup;No;No;PayPal
698;4116;17;26/06/2023;M;2.5;No;Next Day Air;No;No;Debit Card
1180;2628;18;27/06/2023;S;2.7;No;Free Shipping;No;No;Debit Card
3053;7269;20;28/06/2023;L;3.3;No;Free Shipping;No;No;PayPal
1467;4613;14;29/06/2023;L;3.7;No;2-Day Shipping;No;No;Credit Card
3872;876;5;30/06/2023;M;4;No;Express;No;No;Debit Card
1489;197;2;01/07/2023;S;4.1;No;Free Shipping;No;No;Credit Card
737;152;11;02/07/2023;M;4.1;No;Store Pickup;No;No;Bank Transfer
3496;9859;14;03/07/2023;M;2.5;No;2-Day Shipping;No;No;Bank Transfer
2383;1441;1;04/07/2023;L;4.2;No;Store Pickup;No;No;Debit Card
40;5092;1;05/07/2023;M;4.7;No;Express;No;No;PayPal
1204;8896;9;06/07/2023;XL;2.7;No;2-Day Shipping;No;No;Cash
3708;5353;20;07/07/2023;M;3;No;Express;No;No;PayPal
1496;7395;16;08/07/2023;M;4.8;No;Store Pickup;No;No;Credit Card
1450;1352;2;09/07/2023;S;4.4;No;Free Shipping;No;No;Cash
941;4413;5;10/07/2023;M;4.3;No;2-Day Shipping;No;No;Venmo
741;138;17;11/07/2023;XL;2.5;No;Store Pickup;No;No;Credit Card
1693;6100;12;12/07/2023;M;4.9;No;Free Shipping;No;No;Bank Transfer
215;9788;5;13/07/2023;L;4.9;No;2-Day Shipping;No;No;Venmo
2680;3377;6;14/07/2023;M;3.9;No;Free Shipping;No;No;Debit Card
3645;5508;19;15/07/2023;S;4.1;No;2-Day Shipping;No;No;Venmo
3892;8606;12;16/07/2023;M;3.3;No;Store Pickup;No;No;Credit Card
2292;3826;9;17/07/2023;M;4.1;No;Standard;No;No;PayPal
142;2631;18;18/07/2023;M;3.7;No;Standard;No;No;PayPal
3455;4238;2;19/07/2023;M;3.1;No;Free Shipping;No;No;Credit Card
3517;4956;2;20/07/2023;L;3;No;Free Shipping;No;No;Venmo
3271;136;19;21/07/2023;M;3.4;No;Standard;No;No;Bank Transfer
1810;6017;6;22/07/2023;L;2.7;No;2-Day Shipping;No;No;PayPal
2842;8569;4;23/07/2023;S;3.1;No;Free Shipping;No;No;Venmo
2099;1145;15;24/07/2023;S;4;No;Free Shipping;No;No;Venmo
745;5941;12;25/07/2023;M;3.6;No;Next Day Air;No;No;PayPal
454;1960;7;26/07/2023;L;3.6;No;Free Shipping;No;No;Venmo
3496;4861;11;27/07/2023;M;3.3;No;Store Pickup;No;No;Credit Card
1555;3704;15;28/07/2023;L;4.1;No;Free Shipping;No;No;PayPal
1949;632;13;29/07/2023;XL;4.3;No;Next Day Air;No;No;Venmo
3405;5967;1;30/07/2023;M;3.2;No;Standard;No;No;Bank Transfer
1576;9372;7;31/07/2023;M;3.9;No;Free Shipping;No;No;Cash
2314;4852;16;01/08/2023;S;5;No;Next Day Air;No;No;Credit Card
3749;8809;10;02/08/2023;M;3.4;No;Next Day Air;No;No;Credit Card
2107;3448;4;03/08/2023;M;3.8;No;Store Pickup;No;No;Debit Card
3033;5207;13;04/08/2023;M;2.9;No;2-Day Shipping;No;No;Venmo
2377;2839;20;05/08/2023;XL;2.6;No;Next Day Air;No;No;Debit Card
2079;3835;8;06/08/2023;M;4.3;No;2-Day Shipping;No;No;Credit Card
3575;2620;4;07/08/2023;M;2.8;No;Standard;No;No;Credit Card
3180;3552;13;08/08/2023;M;4.5;No;Free Shipping;No;No;Cash
3165;2462;10;09/08/2023;M;3.8;No;2-Day Shipping;No;No;PayPal
1166;8134;13;10/08/2023;L;3;No;Standard;No;No;Cash
2317;4741;10;11/08/2023;S;3.3;No;Express;No;No;Bank Transfer
1332;6136;4;12/08/2023;S;3.1;No;2-Day Shipping;No;No;Bank Transfer
268;2507;17;13/08/2023;L;3.5;No;Store Pickup;No;No;Bank Transfer
3342;9635;4;14/08/2023;S;4.6;No;Express;No;No;Bank Transfer
3121;3002;9;15/08/2023;L;4.1;No;Standard;No;No;Credit Card
83;1836;13;16/08/2023;L;3.6;No;Free Shipping;No;No;Debit Card
1209;8054;8;17/08/2023;L;2.9;No;Free Shipping;No;No;Bank Transfer
1232;3475;17;18/08/2023;M;4.8;No;Standard;No;No;Credit Card
3827;7071;7;19/08/2023;L;3.2;No;Standard;No;No;Credit Card
1899;9878;7;20/08/2023;L;4.3;No;Express;No;No;Credit Card
2006;6881;15;21/08/2023;M;4.1;No;Next Day Air;No;No;PayPal
990;9085;10;22/08/2023;M;4.6;No;Standard;No;No;PayPal
2805;1745;10;23/08/2023;S;3.8;No;Free Shipping;No;No;PayPal
2468;6256;2;24/08/2023;M;4.5;No;Next Day Air;No;No;Credit Card
3091;7759;10;25/08/2023;M;3.1;No;Express;No;No;PayPal
1079;904;10;26/08/2023;S;2.9;No;Next Day Air;No;No;Bank Transfer
2514;7762;5;27/08/2023;M;3.8;No;Next Day Air;No;No;Debit Card
1609;7136;1;28/08/2023;XL;4.1;No;Next Day Air;No;No;Venmo
214;1571;7;29/08/2023;M;3.1;No;Free Shipping;No;No;Credit Card
1495;9127;2;30/08/2023;L;5;No;Express;No;No;Credit Card
2195;3639;7;31/08/2023;M;4.5;No;Free Shipping;No;No;Debit Card
2363;2800;1;01/09/2023;M;2.8;No;Express;No;No;Venmo
3308;6654;13;02/09/2023;L;3.2;No;Express;No;No;Credit Card
2414;3112;1;03/09/2023;M;3.1;No;Standard;No;No;Debit Card
2776;4454;7;04/09/2023;M;3.3;No;Standard;No;No;Cash
2729;5527;8;05/09/2023;M;3.4;No;Store Pickup;No;No;PayPal
1570;8987;11;06/09/2023;M;3.8;No;Store Pickup;No;No;Cash
3577;5006;1;07/09/2023;M;3.5;No;Express;No;No;Venmo
2591;2986;15;08/09/2023;XL;4.8;No;Store Pickup;No;No;PayPal
2646;2816;20;09/09/2023;L;3.9;No;Free Shipping;No;No;Bank Transfer
3645;940;18;10/09/2023;L;3.4;No;Free Shipping;No;No;Cash
1828;3615;13;11/09/2023;M;2.6;No;Express;No;No;PayPal
449;1621;19;12/09/2023;L;3.1;No;Store Pickup;No;No;Credit Card
1173;6462;11;13/09/2023;M;3.3;No;Free Shipping;No;No;Bank Transfer
853;5797;8;14/09/2023;M;2.8;No;Standard;No;No;Bank Transfer
2733;7838;5;15/09/2023;S;4.3;No;Standard;No;No;Cash
3786;8420;5;16/09/2023;L;2.7;No;Standard;No;No;Credit Card
2828;5102;18;17/09/2023;M;4.4;No;2-Day Shipping;No;No;Debit Card
1574;7648;14;18/09/2023;M;3.9;No;Free Shipping;No;No;PayPal
1960;518;14;19/09/2023;XL;3;No;Standard;No;No;Debit Card
354;3816;5;20/09/2023;M;4;No;Standard;No;No;Debit Card
995;1135;19;21/09/2023;M;3.7;No;Store Pickup;No;No;Credit Card
1545;21;7;22/09/2023;XL;3.8;No;Store Pickup;No;No;Credit Card
3794;768;9;23/09/2023;S;3.3;No;2-Day Shipping;No;No;Debit Card
2789;9368;5;24/09/2023;L;3.6;No;Standard;No;No;Bank Transfer
3898;6146;7;25/09/2023;L;3.9;No;Free Shipping;No;No;Venmo
725;6656;15;26/09/2023;M;3.5;No;Free Shipping;No;No;Venmo
794;5079;19;27/09/2023;XL;3.4;No;Standard;No;No;Venmo
1510;9513;7;28/09/2023;M;4.7;No;Next Day Air;No;No;Debit Card
1207;8939;8;10/10/2023;L;3;No;Free Shipping;No;No;Cash
3537;465;9;11/10/2023;L;3.9;No;Free Shipping;No;No;Cash
3501;9643;1;12/10/2023;L;4.5;No;Standard;No;No;Venmo
1285;4719;12;13/10/2023;S;4.1;No;Standard;No;No;PayPal
3838;4149;20;14/10/2023;M;4.5;No;Standard;No;No;Debit Card
1233;2106;17;15/10/2023;M;4;No;Free Shipping;No;No;Debit Card
772;8262;11;16/10/2023;M;4.3;No;2-Day Shipping;No;No;Bank Transfer
3887;5900;19;17/10/2023;L;3.6;No;Express;No;No;Venmo
2268;4250;16;18/10/2023;M;3.1;No;Next Day Air;No;No;Bank Transfer
1242;5448;20;19/10/2023;L;2.6;No;Standard;No;No;PayPal
357;3566;14;20/10/2023;XL;3.4;No;Next Day Air;No;No;Cash
334;2267;15;21/10/2023;L;2.9;No;Store Pickup;No;No;Venmo
2952;6973;6;22/10/2023;L;5;No;Express;No;No;Credit Card
3882;775;17;23/10/2023;M;4.6;No;Standard;No;No;PayPal
225;6213;4;24/10/2023;M;3.3;No;Free Shipping;No;No;Cash
33;2326;16;25/10/2023;M;2.9;No;2-Day Shipping;No;No;Credit Card
694;9;14;26/10/2023;S;4.9;No;Free Shipping;No;No;Venmo
407;711;20;27/10/2023;M;5;No;2-Day Shipping;No;No;Cash
2091;4341;8;28/10/2023;M;4.5;No;Express;No;No;PayPal
15;5842;2;29/10/2023;M;3.7;No;Free Shipping;No;No;Bank Transfer
3833;9001;1;30/10/2023;L;2.8;No;Store Pickup;No;No;Bank Transfer
3747;9783;1;31/10/2023;L;3.5;No;Store Pickup;No;No;Cash
222;6971;9;01/11/2023;XL;3;No;2-Day Shipping;No;No;Cash
1873;5377;15;02/11/2023;L;4.3;No;Standard;No;No;Debit Card
1039;3291;3;03/11/2023;M;3.6;No;Store Pickup;No;No;Venmo
3041;3692;6;04/11/2023;M;4.4;No;Standard;No;No;Venmo
718;7141;10;05/11/2023;L;4.1;No;Express;No;No;Debit Card
2491;3504;3;06/11/2023;XL;2.8;No;Next Day Air;No;No;PayPal
657;2240;16;07/11/2023;L;2.8;No;Free Shipping;No;No;PayPal
3113;8912;5;08/11/2023;L;4.9;No;Store Pickup;No;No;Bank Transfer
1308;3508;4;09/11/2023;M;4.1;No;Express;No;No;PayPal
3727;1164;18;10/11/2023;M;3;No;Store Pickup;No;No;Debit Card
346;2503;4;11/11/2023;L;3;No;Store Pickup;No;No;Debit Card
3373;8511;19;12/11/2023;M;3;No;Store Pickup;No;No;Venmo
1487;5163;18;13/11/2023;M;3.2;No;Next Day Air;No;No;PayPal
635;2577;8;14/11/2023;M;2.7;No;Store Pickup;No;No;Venmo
3830;2865;4;15/11/2023;S;3.8;No;2-Day Shipping;No;No;PayPal
3133;7149;2;16/11/2023;M;3.5;No;2-Day Shipping;No;No;Credit Card
751;9741;5;17/11/2023;S;3.8;No;Next Day Air;No;No;Debit Card
2469;3107;11;18/11/2023;L;3.8;No;2-Day Shipping;No;No;Bank Transfer
2861;2910;5;19/11/2023;L;3.4;No;Express;No;No;Bank Transfer
1325;9929;4;20/11/2023;M;2.9;No;Next Day Air;No;No;Bank Transfer
837;1411;19;21/11/2023;M;3.4;No;Free Shipping;No;No;Credit Card
1219;7796;10;22/11/2023;S;4.7;No;Store Pickup;No;No;Bank Transfer
1161;2652;3;23/11/2023;M;3.9;No;2-Day Shipping;No;No;Venmo
1089;1404;14;24/11/2023;S;3.6;No;Store Pickup;No;No;Venmo
1987;645;15;25/11/2023;M;3.7;No;Free Shipping;No;No;Cash
3308;977;7;26/11/2023;S;3.1;No;Free Shipping;No;No;Cash
3296;3743;8;27/11/2023;L;4.9;No;Next Day Air;No;No;Cash
1432;1587;15;28/11/2023;M;2.6;No;Next Day Air;No;No;PayPal
3625;1977;14;29/11/2023;M;4.2;No;Standard;No;No;Bank Transfer
2967;2258;13;30/11/2023;M;4.8;No;Free Shipping;No;No;Debit Card
2224;3994;3;01/12/2023;S;2.7;No;2-Day Shipping;No;No;Venmo
1186;7822;16;02/12/2023;L;2.6;No;Next Day Air;No;No;Cash
124;7908;18;03/12/2023;M;2.6;No;Free Shipping;No;No;Bank Transfer
2573;2096;20;04/12/2023;L;3.1;No;Standard;No;No;Debit Card
2476;9145;4;05/12/2023;M;2.6;No;Free Shipping;No;No;Debit Card
649;3966;17;06/12/2023;M;3.4;No;2-Day Shipping;No;No;Bank Transfer
3318;8741;6;07/12/2023;M;3.6;No;Standard;No;No;Venmo
1940;9441;12;08/12/2023;L;4.3;No;Next Day Air;No;No;Bank Transfer
1579;8274;4;09/12/2023;XL;4.9;No;Free Shipping;No;No;Venmo
3177;9419;16;10/12/2023;L;4.8;No;Store Pickup;No;No;PayPal
1147;5481;2;11/12/2023;M;4.2;No;Free Shipping;No;No;Bank Transfer
1019;3680;7;12/12/2023;L;2.6;No;Store Pickup;No;No;Credit Card
1434;5103;9;13/12/2023;XL;3.2;No;Standard;No;No;PayPal
1888;8731;11;14/12/2023;M;3.4;No;2-Day Shipping;No;No;Credit Card
1751;9269;19;15/12/2023;M;3.5;No;Next Day Air;No;No;Credit Card
381;8576;15;16/12/2023;L;4.2;No;Free Shipping;No;No;PayPal
1015;7865;4;17/12/2023;L;2.8;No;Express;No;No;Cash
857;5351;9;18/12/2023;L;5;No;2-Day Shipping;No;No;Debit Card
211;1402;2;19/12/2023;M;3.3;No;Store Pickup;No;No;Venmo
918;8584;1;20/12/2023;M;3.7;No;Free Shipping;No;No;Credit Card
1858;9432;10;21/12/2023;XL;2.5;No;Free Shipping;No;No;PayPal
2598;9776;7;22/12/2023;M;3.2;No;Standard;No;No;Credit Card
2303;658;9;23/12/2023;S;3.1;No;Free Shipping;No;No;Debit Card
2027;7853;1;24/12/2023;S;3.5;No;Standard;No;No;Venmo
2181;1729;20;25/12/2023;L;4.6;No;Standard;No;No;Bank Transfer
433;4942;7;26/12/2023;M;3.3;No;Free Shipping;No;No;Venmo
124;8297;7;27/12/2023;L;2.5;No;Free Shipping;No;No;Cash
284;375;4;28/12/2023;XL;4.6;No;Express;No;No;Credit Card
1681;3997;16;01/01/2023;M;4.2;No;2-Day Shipping;No;No;Bank Transfer
872;6126;4;28/12/2022;XL;4;No;Standard;No;No;Cash
1455;4565;4;29/12/2022;L;2.6;No;Free Shipping;No;No;Credit Card
1121;2528;11;30/12/2022;S;4.6;No;Standard;No;No;PayPal
3220;1324;4;31/12/2022;S;3.5;No;2-Day Shipping;No;No;Credit Card
2;1589;9;01/01/2023;M;4;No;2-Day Shipping;No;No;Venmo
1332;7859;5;02/01/2023;L;4.8;No;Standard;No;No;Debit Card
1332;659;4;03/01/2023;M;3.9;No;Standard;No;No;Venmo
844;5953;6;04/01/2023;XL;3.7;No;Next Day Air;No;No;PayPal
3504;6323;1;05/01/2023;M;3.1;No;Store Pickup;No;No;Debit Card
2228;2553;1;06/01/2023;M;3;No;Next Day Air;No;No;Credit Card
753;7027;12;07/01/2023;M;2.9;No;Store Pickup;No;No;Credit Card
303;4182;17;08/01/2023;XL;2.9;No;Next Day Air;No;No;Venmo
408;9849;6;09/01/2023;M;4;No;Standard;No;No;Cash
1383;6914;2;10/01/2023;L;3.5;No;Express;No;No;Cash
42;561;13;11/01/2023;M;3.8;No;Express;No;No;Debit Card
635;7820;17;12/01/2023;M;4.5;No;Express;No;No;Debit Card
1001;3995;16;13/01/2023;M;2.7;No;Express;No;No;Credit Card
3505;7057;2;14/01/2023;XL;2.9;No;Store Pickup;No;No;Venmo
497;1213;13;15/01/2023;S;4.9;No;Free Shipping;No;No;Cash
2910;8333;12;16/01/2023;L;3.8;No;Standard;No;No;Debit Card
881;7398;3;17/01/2023;XL;4.9;No;Free Shipping;No;No;Debit Card
3877;4259;3;18/01/2023;M;4.6;No;Standard;No;No;Cash
961;458;3;19/01/2023;L;3.5;No;Express;No;No;PayPal
1600;7618;10;20/01/2023;M;4.2;No;2-Day Shipping;No;No;Cash
505;6790;9;21/01/2023;L;3.7;No;Free Shipping;No;No;Debit Card
1913;9210;15;22/01/2023;M;2.8;No;Store Pickup;No;No;Credit Card
3158;1277;11;23/01/2023;M;4.8;No;2-Day Shipping;No;No;Cash
1775;1343;3;24/01/2023;M;2.7;No;Express;No;No;Venmo
2193;472;10;10/10/2023;L;3.6;No;Store Pickup;No;No;Credit Card
944;9961;18;11/10/2023;XL;4.5;No;Next Day Air;No;No;Venmo
1559;6508;1;12/10/2023;M;4;No;Free Shipping;No;No;Venmo
365;1926;17;13/10/2023;M;4.5;No;2-Day Shipping;No;No;Credit Card
504;8664;19;14/10/2023;L;3.9;No;Express;No;No;PayPal
1044;5094;7;15/10/2023;M;3.8;No;Standard;No;No;Venmo
1281;9083;3;16/10/2023;M;4.7;No;Next Day Air;No;No;Bank Transfer
619;1658;10;17/10/2023;XL;4.6;No;Standard;No;No;Venmo
1184;5922;20;18/10/2023;M;3.6;No;Express;No;No;PayPal
3208;6940;16;19/10/2023;M;4.3;No;2-Day Shipping;No;No;Credit Card
84;3774;5;20/10/2023;M;3;No;Standard;No;No;Cash
3887;9759;9;21/10/2023;M;4.3;No;Express;No;No;Venmo
277;9616;14;22/10/2023;L;4.8;No;Next Day Air;No;No;Cash
2945;6773;14;23/10/2023;L;3.7;No;Free Shipping;No;No;PayPal
3217;2017;3;24/10/2023;M;2.6;No;Free Shipping;No;No;Bank Transfer
1739;7869;13;25/10/2023;M;3.4;No;Standard;No;No;Credit Card
1396;8289;11;26/10/2023;XL;3.9;No;Free Shipping;No;No;Venmo
3073;9426;18;27/10/2023;M;4.8;No;Free Shipping;No;No;Credit Card
837;9594;20;28/10/2023;L;2.8;No;Free Shipping;No;No;Bank Transfer
2826;6935;7;29/10/2023;L;4.4;No;Standard;No;No;Venmo
3312;8229;6;30/10/2023;M;3.1;No;Standard;No;No;Debit Card
3022;8116;20;31/10/2023;M;3.8;No;Store Pickup;No;No;PayPal
2832;7804;15;01/11/2023;S;4.1;No;2-Day Shipping;No;No;Debit Card
3281;4014;15;02/11/2023;L;4.6;No;Free Shipping;No;No;Cash
3513;1475;15;03/11/2023;M;4.9;No;Next Day Air;No;No;Debit Card
3839;4332;8;04/11/2023;M;4.8;No;Next Day Air;No;No;Credit Card
2907;3049;11;05/11/2023;M;3.9;No;Express;No;No;Credit Card
914;5151;17;06/11/2023;M;2.6;No;Free Shipping;No;No;Credit Card
341;8488;5;07/11/2023;M;3.7;No;Standard;No;No;Venmo
1794;5779;11;08/11/2023;S;4.7;No;Standard;No;No;Cash
2057;462;11;09/11/2023;M;4.5;No;Standard;No;No;PayPal
93;1433;7;10/11/2023;L;4.7;No;Free Shipping;No;No;PayPal
40;9496;3;11/11/2023;S;3.6;No;Standard;No;No;Credit Card
2667;4990;5;12/11/2023;S;2.8;No;Free Shipping;No;No;Debit Card
147;959;20;13/11/2023;L;4;No;Express;No;No;Credit Card
1085;1180;17;14/11/2023;M;3.6;No;Free Shipping;No;No;Credit Card
2779;2225;6;15/11/2023;S;3.8;No;2-Day Shipping;No;No;Venmo
1733;9928;4;16/11/2023;M;4.4;No;Standard;No;No;PayPal
3523;732;7;17/11/2023;L;2.8;No;Store Pickup;No;No;Debit Card
1376;3027;5;18/11/2023;L;3.4;No;Free Shipping;No;No;Venmo
2429;4308;6;19/11/2023;S;4.9;No;Express;No;No;Cash
1120;867;3;20/11/2023;S;4.3;No;Next Day Air;No;No;Cash
448;6026;13;21/11/2023;M;3.4;No;Free Shipping;No;No;Credit Card
2873;2869;2;22/11/2023;L;3.9;No;Next Day Air;No;No;PayPal
1553;6948;19;23/11/2023;S;4.2;No;Free Shipping;No;No;Venmo
36;2362;5;24/11/2023;M;2.7;No;Store Pickup;No;No;Bank Transfer
1701;9567;7;25/11/2023;XL;4.1;No;Store Pickup;No;No;Credit Card
1454;3929;20;26/11/2023;XL;4.5;No;2-Day Shipping;No;No;Cash
1386;3765;4;27/11/2023;M;2.8;No;Express;No;No;Cash
354;4800;11;28/11/2023;L;3.4;No;Standard;No;No;Venmo
100;1180;16;29/11/2023;S;3.9;No;Free Shipping;No;No;Bank Transfer
699;8000;1;30/11/2023;L;2.6;No;Next Day Air;No;No;PayPal
3524;7991;7;01/12/2023;L;4.4;No;2-Day Shipping;No;No;Bank Transfer
2995;3763;1;02/12/2023;L;4.9;No;Standard;No;No;Venmo
2397;8873;11;03/12/2023;M;3.6;No;Store Pickup;No;No;Credit Card
918;9390;10;04/12/2023;M;2.8;No;2-Day Shipping;No;No;Credit Card
1549;337;14;05/12/2023;L;4.3;No;2-Day Shipping;No;No;Debit Card
2673;9659;20;06/12/2023;S;3;No;Express;No;No;Cash
3490;707;1;07/12/2023;S;3.3;No;2-Day Shipping;No;No;Credit Card
2129;4052;8;08/12/2023;L;2.5;No;Store Pickup;No;No;Cash
3599;7371;9;09/12/2023;S;5;No;2-Day Shipping;No;No;Debit Card
2774;3623;17;10/12/2023;XL;4.3;No;2-Day Shipping;No;No;Credit Card
2767;1640;13;11/12/2023;M;4.2;No;Free Shipping;No;No;Venmo
3668;560;11;12/12/2023;L;3.9;No;Standard;No;No;PayPal
145;7842;3;13/12/2023;M;3.9;No;Store Pickup;No;No;Venmo
2939;7858;17;14/12/2023;L;4.2;No;Free Shipping;No;No;Cash
263;2668;19;15/12/2023;S;3.5;No;Store Pickup;No;No;Bank Transfer
2244;4490;17;16/12/2023;M;2.5;No;Standard;No;No;Debit Card
2044;8352;18;17/12/2023;M;2.9;No;Express;No;No;Venmo
695;8858;1;18/12/2023;S;2.7;No;Next Day Air;No;No;Venmo
70;7630;10;19/12/2023;M;4.7;No;Express;No;No;Debit Card
;;14;;;3.8;No;Standard;No;No;Cash
;;18;;;3.7;No;Express;No;No;PayPal
;;3;;;4.7;No;Express;No;No;Credit Card
;;7;;;3.6;No;Next Day Air;No;No;Bank Transfer
;;4;;;2.8;No;Express;No;No;Credit Card
;;20;;;3.7;No;Store Pickup;No;No;Venmo
;;13;;;3.5;No;Express;No;No;Venmo
;;20;;;3.7;No;Store Pickup;No;No;Venmo
;;19;;;3;No;Next Day Air;No;No;Venmo
;;18;;;4.9;No;Free Shipping;No;No;PayPal
;;9;;;4.6;No;Free Shipping;No;No;Venmo
;;12;;;3.3;No;Free Shipping;No;No;Credit Card
;;11;;;3;No;Next Day Air;No;No;Credit Card
;;12;;;3.5;No;Standard;No;No;PayPal
;;12;;;4.2;No;Store Pickup;No;No;Cash
;;8;;;4.5;No;Express;No;No;PayPal
;;16;;;2.8;No;Express;No;No;Bank Transfer
;;2;;;4.9;No;Store Pickup;No;No;Bank Transfer
;;1;;;3.3;No;Next Day Air;No;No;Cash
;;5;;;3;No;Free Shipping;No;No;Debit Card
;;8;;;3.9;No;2-Day Shipping;No;No;PayPal
;;2;;;2.8;No;Store Pickup;No;No;Venmo
;;7;;;4.5;No;2-Day Shipping;No;No;Cash
;;13;;;4;No;Free Shipping;No;No;PayPal
;;11;;;2.9;No;Express;No;No;PayPal
;;3;;;4;No;Free Shipping;No;No;Credit Card
;;17;;;3.4;No;Store Pickup;No;No;PayPal
;;17;;;2.5;No;Free Shipping;No;No;Credit Card
;;17;;;2.8;No;2-Day Shipping;No;No;Credit Card
;;19;;;3;No;Free Shipping;No;No;PayPal
;;12;;;3.1;No;Free Shipping;No;No;Debit Card
;;15;;;2.6;No;2-Day Shipping;No;No;Credit Card
;;7;;;4.9;No;2-Day Shipping;No;No;Credit Card
;;3;;;3.5;No;Next Day Air;No;No;Credit Card
;;3;;;2.6;No;Store Pickup;No;No;PayPal
;;2;;;3.5;No;2-Day Shipping;No;No;Credit Card
;;11;;;4.5;No;Free Shipping;No;No;Cash
;;6;;;4.3;No;Next Day Air;No;No;Venmo
;;9;;;4.8;No;Next Day Air;No;No;Cash
;;12;;;4.2;No;Free Shipping;No;No;Debit Card
;;9;;;3.2;No;Next Day Air;No;No;PayPal
;;4;;;4.1;No;Express;No;No;Cash
;;7;;;4;No;Express;No;No;PayPal
;;19;;;2.9;No;Next Day Air;No;No;PayPal
;;13;;;2.6;No;Store Pickup;No;No;Credit Card
;;4;;;2.7;No;Free Shipping;No;No;Bank Transfer
;;10;;;4.6;No;2-Day Shipping;No;No;PayPal
;;9;;;3.2;No;Store Pickup;No;No;Cash
;;7;;;4.1;No;2-Day Shipping;No;No;PayPal
;;9;;;3.9;No;Standard;No;No;Venmo
;;11;;;3;No;Next Day Air;No;No;Bank Transfer
;;20;;;3.6;No;Standard;No;No;Venmo
;;18;;;4.6;No;Express;No;No;Debit Card
;;12;;;4.5;No;Store Pickup;No;No;Bank Transfer
;;14;;;3.2;No;Next Day Air;No;No;Bank Transfer
;;13;;;4.9;No;2-Day Shipping;No;No;Venmo
;;18;;;5;No;Standard;No;No;Debit Card
;;18;;;3.8;No;Standard;No;No;Cash
;;11;;;3.4;No;Next Day Air;No;No;Bank Transfer
;;11;;;3.8;No;Store Pickup;No;No;Bank Transfer
;;12;;;3.2;No;Express;No;No;Credit Card
;;7;;;4.7;No;Store Pickup;No;No;Venmo
;;7;;;4.5;No;Express;No;No;PayPal
;;3;;;3.3;No;Standard;No;No;PayPal
;;14;;;3.9;No;Store Pickup;No;No;Credit Card
;;8;;;3.6;No;Express;No;No;Bank Transfer
;;7;;;2.8;No;Store Pickup;No;No;Venmo
;;1;;;4.3;No;Free Shipping;No;No;Venmo
;;17;;;3.5;No;Free Shipping;No;No;Cash
;;8;;;4.2;No;Express;No;No;Debit Card
;;15;;;4.6;No;Express;No;No;Debit Card
;;13;;;2.6;No;Free Shipping;No;No;PayPal
;;8;;;3.4;No;Next Day Air;No;No;PayPal
;;17;;;3.1;No;Standard;No;No;PayPal
;;17;;;3.6;No;Free Shipping;No;No;Debit Card
;;17;;;4.2;No;Next Day Air;No;No;Debit Card
;;7;;;3.6;No;Standard;No;No;PayPal
;;8;;;3.6;No;Express;No;No;Venmo
;;16;;;3;No;Store Pickup;No;No;Debit Card
;;7;;;2.5;No;2-Day Shipping;No;No;Bank Transfer
;;12;;;4;No;Store Pickup;No;No;Bank Transfer
;;11;;;4.1;No;Next Day Air;No;No;Cash
;;20;;;4.9;No;Next Day Air;No;No;Credit Card
;;11;;;4;No;Next Day Air;No;No;Bank Transfer
;;14;;;3.5;No;Store Pickup;No;No;PayPal
;;6;;;3.2;No;Store Pickup;No;No;PayPal
;;3;;;2.8;No;Store Pickup;No;No;Venmo
;;16;;;3.5;No;Next Day Air;No;No;Venmo
;;3;;;3.1;No;Free Shipping;No;No;Bank Transfer
;;18;;;3.3;No;Store Pickup;No;No;Bank Transfer
;;3;;;4.6;No;Free Shipping;No;No;Cash
;;17;;;4.9;No;Store Pickup;No;No;Bank Transfer
;;4;;;3.4;No;2-Day Shipping;No;No;Credit Card
;;18;;;3.5;No;Next Day Air;No;No;Bank Transfer
;;18;;;4.8;No;Store Pickup;No;No;Cash
;;15;;;2.7;No;Store Pickup;No;No;Cash
;;7;;;3.4;No;Standard;No;No;Venmo
;;6;;;3.5;No;Next Day Air;No;No;Bank Transfer
;;15;;;3.7;No;Free Shipping;No;No;Bank Transfer
;;12;;;3.3;No;Next Day Air;No;No;Bank Transfer
;;2;;;2.9;No;Free Shipping;No;No;Bank Transfer
;;5;;;3.9;No;Express;No;No;Bank Transfer
;;18;;;2.7;No;Express;No;No;PayPal
;;19;;;4.3;No;Standard;No;No;Cash
;;5;;;3;No;2-Day Shipping;No;No;Bank Transfer
;;5;;;5;No;2-Day Shipping;No;No;Debit Card
;;11;;;2.7;No;Express;No;No;Debit Card
;;15;;;4.7;No;Next Day Air;No;No;PayPal
;;2;;;4.6;No;Standard;No;No;Credit Card
;;10;;;3.2;No;2-Day Shipping;No;No;PayPal
;;1;;;4.3;No;Free Shipping;No;No;Bank Transfer
;;18;;;4.6;No;Next Day Air;No;No;Bank Transfer
;;9;;;4.9;No;Free Shipping;No;No;Debit Card
;;15;;;3.8;No;Express;No;No;Venmo
;;1;;;2.6;No;Express;No;No;Debit Card
;;16;;;4.7;No;Store Pickup;No;No;Venmo
;;15;;;4.1;No;Free Shipping;No;No;Bank Transfer
;;4;;;3.7;No;Store Pickup;No;No;Venmo
;;11;;;3;No;Free Shipping;No;No;PayPal
;;11;;;4.7;No;Standard;No;No;Debit Card
;;16;;;4.7;No;2-Day Shipping;No;No;Credit Card
;;16;;;4;No;Store Pickup;No;No;Debit Card
;;8;;;2.6;No;Standard;No;No;Venmo
;;6;;;3;No;Express;No;No;Credit Card
;;19;;;3.3;No;Next Day Air;No;No;Venmo
;;9;;;3.4;No;Standard;No;No;Cash
;;18;;;4;No;Standard;No;No;Cash
;;19;;;2.6;No;Store Pickup;No;No;Bank Transfer
;;17;;;3.4;No;Free Shipping;No;No;Credit Card
;;9;;;4.4;No;Standard;No;No;Cash
;;20;;;4.7;No;Express;No;No;Venmo
;;17;;;4.5;No;Store Pickup;No;No;Venmo
;;12;;;2.9;No;Store Pickup;No;No;Bank Transfer
;;8;;;4.2;No;Express;No;No;Cash
;;20;;;4.1;No;Next Day Air;No;No;Cash
;;4;;;4.4;No;Store Pickup;No;No;Bank Transfer
;;14;;;4.7;No;Free Shipping;No;No;Venmo
;;6;;;3.1;No;Next Day Air;No;No;Cash
;;11;;;2.7;No;2-Day Shipping;No;No;Bank Transfer
;;11;;;4.6;No;Next Day Air;No;No;Cash
;;9;;;4.4;No;Next Day Air;No;No;Venmo
;;5;;;4.6;No;Free Shipping;No;No;Bank Transfer
;;13;;;4.9;No;Express;No;No;Credit Card
;;14;;;4;No;2-Day Shipping;No;No;Venmo
;;6;;;2.9;No;Store Pickup;No;No;Cash
;;2;;;2.6;No;Free Shipping;No;No;Debit Card
;;9;;;4.6;No;Standard;No;No;PayPal
;;11;;;4.9;No;Free Shipping;No;No;PayPal
;;18;;;4.3;No;Express;No;No;Credit Card
;;9;;;4.3;No;Free Shipping;No;No;Venmo
;;16;;;4.6;No;Free Shipping;No;No;Venmo
;;13;;;2.6;No;Express;No;No;Bank Transfer
;;6;;;3.1;No;2-Day Shipping;No;No;Bank Transfer
;;5;;;3.1;No;Store Pickup;No;No;PayPal
;;10;;;3.1;No;Next Day Air;No;No;Venmo
;;13;;;4.4;No;Standard;No;No;Cash
;;20;;;4.3;No;Free Shipping;No;No;Cash
;;10;;;3.1;No;2-Day Shipping;No;No;Cash
;;14;;;3.1;No;Store Pickup;No;No;Debit Card
;;13;;;4.9;No;2-Day Shipping;No;No;Credit Card
;;11;;;2.9;No;Store Pickup;No;No;Bank Transfer
;;15;;;3.8;No;Next Day Air;No;No;Cash
;;9;;;4.2;No;2-Day Shipping;No;No;Cash
;;17;;;3.9;No;Standard;No;No;Bank Transfer
;;6;;;2.8;No;Express;No;No;Cash
;;12;;;2.6;No;Standard;No;No;Credit Card
;;2;;;3;No;Store Pickup;No;No;Bank Transfer
;;17;;;2.7;No;Next Day Air;No;No;Bank Transfer
;;12;;;2.8;No;2-Day Shipping;No;No;Cash
;;4;;;2.9;No;2-Day Shipping;No;No;PayPal
;;9;;;3.8;No;Free Shipping;No;No;Venmo
;;7;;;4.4;No;Express;No;No;Credit Card
;;3;;;3.1;No;Express;No;No;Bank Transfer
;;4;;;3.7;No;Standard;No;No;Debit Card
;;7;;;4.9;No;Next Day Air;No;No;PayPal
;;17;;;3.8;No;Store Pickup;No;No;PayPal
;;13;;;3.4;No;Store Pickup;No;No;Debit Card
;;6;;;4.6;No;2-Day Shipping;No;No;Credit Card
;;9;;;3.2;No;Standard;No;No;Credit Card
;;15;;;2.7;No;Free Shipping;No;No;Credit Card
;;9;;;4.3;No;Free Shipping;No;No;Debit Card
;;12;;;3.8;No;Standard;No;No;PayPal
;;5;;;4.4;No;Free Shipping;No;No;PayPal
;;16;;;3.6;No;Free Shipping;No;No;Credit Card
;;1;;;3.5;No;Standard;No;No;Cash
;;16;;;4.2;No;2-Day Shipping;No;No;Venmo
;;12;;;4.7;No;Express;No;No;PayPal
;;8;;;4.8;No;Store Pickup;No;No;Venmo
;;9;;;3.2;No;Free Shipping;No;No;Debit Card
;;17;;;3.5;No;Standard;No;No;Bank Transfer
;;7;;;4.2;No;Store Pickup;No;No;PayPal
;;20;;;3.4;No;Free Shipping;No;No;Credit Card
;;16;;;4.7;No;Store Pickup;No;No;Credit Card
;;1;;;3;No;Free Shipping;No;No;Cash
;;9;;;4;No;Express;No;No;Credit Card
;;12;;;4.6;No;Standard;No;No;Credit Card
;;9;;;4.9;No;Next Day Air;No;No;Credit Card
;;10;;;2.8;No;Express;No;No;Debit Card
;;12;;;3.2;No;Free Shipping;No;No;Credit Card
;;16;;;2.8;No;Free Shipping;No;No;Debit Card
;;11;;;4.2;No;Express;No;No;PayPal
;;7;;;4.8;No;Free Shipping;No;No;Credit Card
;;9;;;2.8;No;2-Day Shipping;No;No;Cash
;;2;;;4.5;No;Standard;No;No;Venmo
;;11;;;4.1;No;Express;No;No;Venmo
;;3;;;4.3;No;Free Shipping;No;No;Debit Card
;;20;;;4.4;No;2-Day Shipping;No;No;Bank Transfer
;;3;;;3;No;Free Shipping;No;No;PayPal
;;1;;;2.7;No;Next Day Air;No;No;PayPal
;;4;;;3.3;No;2-Day Shipping;No;No;PayPal
;;7;;;4.3;No;Standard;No;No;Debit Card
;;20;;;2.9;No;Express;No;No;Venmo
;;4;;;4.9;No;Standard;No;No;Cash
;;18;;;3.6;No;2-Day Shipping;No;No;Debit Card
;;9;;;3.3;No;Standard;No;No;Credit Card
;;7;;;3.1;No;Free Shipping;No;No;Debit Card
;;1;;;2.7;No;Free Shipping;No;No;PayPal
;;9;;;3.4;No;Next Day Air;No;No;Cash
;;4;;;3.4;No;Express;No;No;Venmo
;;10;;;3.9;No;Express;No;No;PayPal
;;19;;;3.5;No;2-Day Shipping;No;No;Credit Card
;;19;;;4.1;No;Free Shipping;No;No;Cash
;;12;;;3.2;No;Standard;No;No;Cash
;;12;;;4.6;No;Store Pickup;No;No;PayPal
;;8;;;3.9;No;Standard;No;No;Venmo
;;13;;;2.7;No;Free Shipping;No;No;PayPal
;;8;;;3;No;Store Pickup;No;No;Credit Card
;;13;;;3.3;No;Next Day Air;No;No;Bank Transfer
;;20;;;2.7;No;Free Shipping;No;No;Debit Card
;;15;;;4.6;No;2-Day Shipping;No;No;PayPal
;;20;;;2.7;No;Express;No;No;Cash
;;12;;;2.5;No;Next Day Air;No;No;Debit Card
;;14;;;4.4;No;Free Shipping;No;No;Credit Card
;;17;;;4;No;Next Day Air;No;No;Bank Transfer
;;9;;;3.8;No;Express;No;No;Debit Card
;;17;;;2.5;No;2-Day Shipping;No;No;Debit Card
;;5;;;4;No;Free Shipping;No;No;Venmo
;;15;;;4.1;No;Next Day Air;No;No;Cash
;;5;;;2.8;No;Express;No;No;Cash
;;10;;;3.4;No;2-Day Shipping;No;No;Cash
;;1;;;2.7;No;2-Day Shipping;No;No;Cash
;;6;;;3.8;No;2-Day Shipping;No;No;Bank Transfer
;;13;;;4.4;No;Store Pickup;No;No;PayPal
;;13;;;2.8;No;Express;No;No;Venmo
;;11;;;5;No;Store Pickup;No;No;Bank Transfer
;;13;;;4.7;No;Express;No;No;Credit Card
;;14;;;3.2;No;Next Day Air;No;No;Cash
;;6;;;2.9;No;Store Pickup;No;No;Cash
;;1;;;3.7;No;Express;No;No;PayPal
;;6;;;4.2;No;Free Shipping;No;No;Bank Transfer
;;20;;;3.4;No;Express;No;No;Credit Card
;;17;;;2.9;No;2-Day Shipping;No;No;Venmo
;;17;;;3.7;No;Standard;No;No;Venmo
;;17;;;2.7;No;Store Pickup;No;No;Credit Card
;;3;;;3.2;No;2-Day Shipping;No;No;Venmo
;;3;;;4.9;No;Store Pickup;No;No;Bank Transfer
;;4;;;2.8;No;Next Day Air;No;No;Bank Transfer
;;15;;;4.7;No;Free Shipping;No;No;Venmo
;;7;;;3.3;No;Express;No;No;Venmo
;;4;;;4.3;No;Express;No;No;Credit Card
;;16;;;3.7;No;2-Day Shipping;No;No;Debit Card
;;15;;;4.5;No;2-Day Shipping;No;No;Credit Card
;;5;;;3.4;No;Store Pickup;No;No;Debit Card
;;12;;;2.7;No;Standard;No;No;Cash
;;1;;;4.4;No;Express;No;No;Debit Card
;;20;;;4;No;Express;No;No;Cash
;;6;;;3.2;No;Express;No;No;Credit Card
;;9;;;4.2;No;Next Day Air;No;No;Bank Transfer
;;16;;;3;No;Store Pickup;No;No;Credit Card
;;6;;;2.8;No;Free Shipping;No;No;Bank Transfer
;;15;;;4.9;No;Express;No;No;Cash
;;4;;;4.7;No;Express;No;No;PayPal
;;20;;;4.4;No;Standard;No;No;Credit Card
;;4;;;3.1;No;Next Day Air;No;No;PayPal
;;8;;;2.6;No;Free Shipping;No;No;PayPal
;;2;;;3.9;No;Store Pickup;No;No;Cash
;;17;;;2.6;No;2-Day Shipping;No;No;Debit Card
;;20;;;4;No;Store Pickup;No;No;PayPal
;;15;;;4.9;No;Store Pickup;No;No;Credit Card
;;5;;;3.3;No;2-Day Shipping;No;No;Bank Transfer
;;17;;;3;No;Express;No;No;Debit Card
;;17;;;2.7;No;Next Day Air;No;No;PayPal
;;17;;;3.1;No;Free Shipping;No;No;Bank Transfer
;;6;;;4.8;No;Next Day Air;No;No;Credit Card
;;13;;;2.9;No;Express;No;No;Debit Card
;;4;;;4.5;No;2-Day Shipping;No;No;Venmo
;;3;;;4.6;No;Free Shipping;No;No;Cash
;;13;;;5;No;Express;No;No;Venmo
;;2;;;4.3;No;2-Day Shipping;No;No;Credit Card
;;5;;;4.9;No;Next Day Air;No;No;Credit Card
;;16;;;4;No;2-Day Shipping;No;No;Venmo
;;3;;;3.1;No;Free Shipping;No;No;PayPal
;;18;;;2.6;No;2-Day Shipping;No;No;Cash
;;7;;;4.9;No;Standard;No;No;Bank Transfer
;;14;;;3.5;No;2-Day Shipping;No;No;Credit Card
;;11;;;4.5;No;Store Pickup;No;No;Bank Transfer
;;19;;;2.8;No;Next Day Air;No;No;Cash
;;2;;;4.2;No;Next Day Air;No;No;Venmo
;;16;;;4.1;No;Free Shipping;No;No;PayPal
;;11;;;3.5;No;Express;No;No;Bank Transfer
;;16;;;4;No;2-Day Shipping;No;No;Venmo
;;1;;;4;No;Express;No;No;Bank Transfer
;;10;;;2.5;No;Free Shipping;No;No;Credit Card
;;11;;;4.2;No;Standard;No;No;Venmo
;;10;;;3.4;No;Next Day Air;No;No;Credit Card
;;19;;;4.8;No;Next Day Air;No;No;Bank Transfer
;;8;;;4.9;No;Standard;No;No;PayPal
;;19;;;3.6;No;Store Pickup;No;No;Venmo
;;3;;;4;No;Store Pickup;No;No;Cash
;;19;;;2.6;No;Express;No;No;Cash
;;10;;;3.1;No;Store Pickup;No;No;PayPal
;;6;;;3.6;No;Free Shipping;No;No;PayPal
;;16;;;4;No;Express;No;No;Bank Transfer
;;12;;;3.9;No;Next Day Air;No;No;Cash
;;18;;;3.9;No;Express;No;No;Credit Card
;;12;;;3.3;No;Standard;No;No;Credit Card
;;8;;;2.9;No;Standard;No;No;PayPal
;;5;;;3.1;No;Free Shipping;No;No;Debit Card
;;9;;;4.7;No;Standard;No;No;Cash
;;14;;;3.9;No;Free Shipping;No;No;PayPal
;;1;;;4.3;No;Next Day Air;No;No;Credit Card
;;11;;;4.2;No;2-Day Shipping;No;No;Cash
;;20;;;4.3;No;Next Day Air;No;No;Venmo
;;11;;;4.6;No;Next Day Air;No;No;PayPal
;;20;;;3.8;No;Free Shipping;No;No;Credit Card
;;7;;;3.3;No;Standard;No;No;Venmo
;;11;;;3.7;No;2-Day Shipping;No;No;Venmo
;;20;;;4.3;No;Standard;No;No;Debit Card
;;7;;;4.1;No;Express;No;No;Debit Card
;;7;;;3.2;No;Free Shipping;No;No;Cash
;;12;;;3.8;No;Express;No;No;Debit Card
;;12;;;3.2;No;2-Day Shipping;No;No;Bank Transfer
;;2;;;3.5;No;Free Shipping;No;No;PayPal
;;12;;;3.1;No;2-Day Shipping;No;No;PayPal
;;16;;;4.2;No;Express;No;No;PayPal
;;4;;;3.4;No;Free Shipping;No;No;Credit Card
;;6;;;3.5;No;Express;No;No;Bank Transfer
;;9;;;4;No;Free Shipping;No;No;Debit Card
;;5;;;4.4;No;2-Day Shipping;No;No;Bank Transfer
;;3;;;2.9;No;2-Day Shipping;No;No;Credit Card
;;2;;;3.6;No;Store Pickup;No;No;Cash
;;6;;;4.4;No;Free Shipping;No;No;Credit Card
;;19;;;4.5;No;Standard;No;No;Credit Card
;;4;;;3.8;No;Free Shipping;No;No;Credit Card
;;10;;;3.6;No;2-Day Shipping;No;No;Cash
;;5;;;4.3;No;Free Shipping;No;No;Cash
;;1;;;4;No;2-Day Shipping;No;No;Venmo
;;15;;;3.4;No;Express;No;No;Venmo
;;10;;;4.4;No;Standard;No;No;PayPal
;;5;;;2.8;No;Standard;No;No;Cash
;;15;;;2.8;No;Store Pickup;No;No;PayPal
;;9;;;4.9;No;2-Day Shipping;No;No;Cash
;;19;;;4.2;No;2-Day Shipping;No;No;Bank Transfer
;;4;;;2.9;No;Next Day Air;No;No;Bank Transfer
;;14;;;4.6;No;Free Shipping;No;No;Credit Card
;;5;;;2.8;No;Next Day Air;No;No;PayPal
;;3;;;2.6;No;Store Pickup;No;No;Bank Transfer
;;7;;;3.5;No;Store Pickup;No;No;PayPal
;;11;;;3.5;No;Free Shipping;No;No;Credit Card
;;19;;;3.4;No;2-Day Shipping;No;No;Cash
;;19;;;3.9;No;Next Day Air;No;No;Debit Card
;;16;;;3.3;No;2-Day Shipping;No;No;Cash
;;10;;;4.1;No;Free Shipping;No;No;Credit Card
;;8;;;3;No;Next Day Air;No;No;Venmo
;;15;;;3;No;Next Day Air;No;No;Bank Transfer
;;18;;;3.2;No;Standard;No;No;Credit Card
;;12;;;3.9;No;Express;No;No;Credit Card
;;16;;;3.6;No;2-Day Shipping;No;No;Debit Card
;;1;;;3.1;No;Store Pickup;No;No;Venmo
;;16;;;4.8;No;Express;No;No;Bank Transfer
;;20;;;3.8;No;2-Day Shipping;No;No;Cash
;;12;;;2.8;No;Store Pickup;No;No;Cash
;;5;;;4;No;Next Day Air;No;No;PayPal
;;12;;;4.6;No;Free Shipping;No;No;Credit Card
;;8;;;3.5;No;Store Pickup;No;No;Debit Card
;;4;;;3.7;No;2-Day Shipping;No;No;Debit Card
;;20;;;4.9;No;Express;No;No;Credit Card
;;10;;;4.1;No;Store Pickup;No;No;Cash
;;7;;;4.6;No;Next Day Air;No;No;PayPal
;;6;;;4.5;No;Next Day Air;No;No;Cash
;;2;;;5;No;Store Pickup;No;No;Cash
;;3;;;3.8;No;Standard;No;No;PayPal
;;12;;;4.7;No;Standard;No;No;Credit Card
;;5;;;2.8;No;Express;No;No;Bank Transfer
;;3;;;2.6;No;Next Day Air;No;No;Venmo
;;11;;;3.8;No;Free Shipping;No;No;Venmo
;;5;;;2.8;No;Standard;No;No;Credit Card
;;14;;;2.6;No;2-Day Shipping;No;No;Cash
;;15;;;3.4;No;2-Day Shipping;No;No;Credit Card
;;7;;;4.5;No;Store Pickup;No;No;Credit Card
;;10;;;3.8;No;Free Shipping;No;No;Venmo
;;9;;;3;No;Next Day Air;No;No;PayPal
;;9;;;3.7;No;2-Day Shipping;No;No;Debit Card
;;20;;;4.4;No;Free Shipping;No;No;Venmo
;;10;;;3.1;No;Next Day Air;No;No;Debit Card
;;1;;;4.2;No;Store Pickup;No;No;PayPal
;;1;;;3.1;No;Free Shipping;No;No;Debit Card
;;16;;;5;No;Next Day Air;No;No;PayPal
;;4;;;2.7;No;Standard;No;No;Bank Transfer
;;17;;;3.8;No;Standard;No;No;Cash
;;10;;;3.3;No;Standard;No;No;Debit Card
;;9;;;4.8;No;Free Shipping;No;No;Venmo
;;18;;;3.4;No;Standard;No;No;Credit Card
;;9;;;4.4;No;2-Day Shipping;No;No;PayPal
;;19;;;3.9;No;Standard;No;No;Cash
;;18;;;3.9;No;2-Day Shipping;No;No;Credit Card
;;5;;;4.2;No;Store Pickup;No;No;Bank Transfer
;;18;;;4;No;Store Pickup;No;No;Venmo
;;8;;;2.6;No;Store Pickup;No;No;Cash
;;11;;;4.4;No;Standard;No;No;Bank Transfer
;;1;;;3.2;No;Next Day Air;No;No;Credit Card
;;3;;;4.3;No;Free Shipping;No;No;Bank Transfer
;;5;;;4.9;No;2-Day Shipping;No;No;Cash
;;14;;;3.8;No;Store Pickup;No;No;Venmo
;;10;;;2.5;No;Express;No;No;PayPal
;;2;;;4.9;No;Next Day Air;No;No;Bank Transfer
;;17;;;3;No;2-Day Shipping;No;No;Bank Transfer
;;7;;;3.2;No;Store Pickup;No;No;Bank Transfer
;;6;;;2.9;No;2-Day Shipping;No;No;Debit Card
;;15;;;2.8;No;Free Shipping;No;No;Debit Card
;;15;;;3.1;No;Store Pickup;No;No;Venmo
;;3;;;3.4;No;Express;No;No;PayPal
;;5;;;2.9;No;Free Shipping;No;No;PayPal
;;8;;;3.2;No;Next Day Air;No;No;Venmo
;;1;;;3.8;No;Next Day Air;No;No;PayPal
;;15;;;3.6;No;2-Day Shipping;No;No;Credit Card
;;5;;;4.3;No;Next Day Air;No;No;Debit Card
;;2;;;4.8;No;2-Day Shipping;No;No;Credit Card
;;7;;;2.5;No;Store Pickup;No;No;Cash
;;17;;;2.5;No;Next Day Air;No;No;Venmo
;;10;;;4.6;No;Express;No;No;Debit Card
;;10;;;4.2;No;Next Day Air;No;No;Bank Transfer
;;7;;;4.2;No;Express;No;No;Venmo
;;11;;;4.8;No;2-Day Shipping;No;No;PayPal
;;14;;;4.5;No;Free Shipping;No;No;PayPal
;;7;;;3.3;No;2-Day Shipping;No;No;Venmo
;;14;;;2.7;No;2-Day Shipping;No;No;Debit Card
;;17;;;2.8;No;2-Day Shipping;No;No;Bank Transfer
;;4;;;3.5;No;2-Day Shipping;No;No;PayPal
;;8;;;3;No;Store Pickup;No;No;Credit Card
;;8;;;4.5;No;Express;No;No;Venmo
;;11;;;4.3;No;2-Day Shipping;No;No;PayPal
;;8;;;4.1;No;Standard;No;No;Credit Card
;;14;;;4.3;No;Next Day Air;No;No;PayPal
;;8;;;5;No;Free Shipping;No;No;Cash
;;7;;;3.8;No;2-Day Shipping;No;No;Bank Transfer
;;6;;;4.9;No;Standard;No;No;Debit Card
;;18;;;5;No;2-Day Shipping;No;No;Cash
;;12;;;4.3;No;Express;No;No;Bank Transfer
;;15;;;4.1;No;Express;No;No;Bank Transfer
;;14;;;4.5;No;Standard;No;No;Cash
;;6;;;3.6;No;Store Pickup;No;No;PayPal
;;18;;;3;No;Free Shipping;No;No;Credit Card
;;18;;;3.7;No;Next Day Air;No;No;Venmo
;;17;;;4.3;No;Standard;No;No;Venmo
;;17;;;4.6;No;Store Pickup;No;No;PayPal
;;14;;;4.7;No;Standard;No;No;Venmo
;;15;;;4.6;No;Express;No;No;Venmo
;;14;;;3;No;Express;No;No;Cash
;;2;;;3.4;No;Standard;No;No;Venmo
;;7;;;3.8;No;Express;No;No;PayPal
;;12;;;3.1;No;Express;No;No;Bank Transfer
;;18;;;4.4;No;Standard;No;No;Cash
;;8;;;4.5;No;Standard;No;No;Credit Card
;;2;;;2.8;No;2-Day Shipping;No;No;PayPal
;;7;;;2.7;No;Next Day Air;No;No;PayPal
;;10;;;3.4;No;Standard;No;No;Debit Card
;;7;;;4.6;No;Standard;No;No;Bank Transfer
;;17;;;5;No;Next Day Air;No;No;Credit Card
;;12;;;3.5;No;Standard;No;No;Debit Card
;;10;;;3.3;No;Store Pickup;No;No;Cash
;;3;;;4.5;No;Free Shipping;No;No;Cash
;;16;;;3.1;No;Store Pickup;No;No;Cash
;;20;;;4;No;Free Shipping;No;No;Debit Card
;;11;;;2.5;No;Express;No;No;Cash
;;20;;;4.4;No;Store Pickup;No;No;Venmo
;;8;;;4.4;No;Express;No;No;Cash
;;17;;;3.2;No;Free Shipping;No;No;Cash
;;4;;;3.8;No;Store Pickup;No;No;Debit Card
;;3;;;4.6;No;Store Pickup;No;No;PayPal
;;9;;;4.9;No;Standard;No;No;Cash
;;15;;;3.5;No;Free Shipping;No;No;PayPal
;;12;;;3.4;No;Store Pickup;No;No;Debit Card
;;3;;;3.9;No;Next Day Air;No;No;Debit Card
;;13;;;3.9;No;Express;No;No;Credit Card
;;19;;;4.2;No;Free Shipping;No;No;Credit Card
;;19;;;3.4;No;Standard;No;No;Debit Card
;;12;;;4.9;No;Standard;No;No;PayPal
;;9;;;2.9;No;Store Pickup;No;No;Bank Transfer
;;20;;;4.9;No;Store Pickup;No;No;Cash
;;8;;;4.6;No;2-Day Shipping;No;No;PayPal
;;1;;;3.6;No;Store Pickup;No;No;Credit Card
;;19;;;4.3;No;Express;No;No;Cash
;;10;;;4.6;No;Standard;No;No;Bank Transfer
;;1;;;4.7;No;Store Pickup;No;No;Credit Card
;;8;;;3.5;No;Free Shipping;No;No;PayPal
;;1;;;2.8;No;Free Shipping;No;No;Cash
;;5;;;4;No;Free Shipping;No;No;PayPal
;;5;;;4.3;No;Store Pickup;No;No;Venmo
;;12;;;3.8;No;Standard;No;No;Bank Transfer
;;18;;;3;No;Next Day Air;No;No;PayPal
;;8;;;4.6;No;Next Day Air;No;No;Debit Card
;;1;;;4.8;No;Standard;No;No;Bank Transfer
;;2;;;4.7;No;Next Day Air;No;No;Bank Transfer
;;18;;;3.9;No;Free Shipping;No;No;Cash
;;10;;;4;No;Next Day Air;No;No;Venmo
;;5;;;3.7;No;2-Day Shipping;No;No;Bank Transfer
;;1;;;3.7;No;2-Day Shipping;No;No;Cash
;;3;;;4.2;No;Store Pickup;No;No;Credit Card
;;13;;;4.7;No;Standard;No;No;Bank Transfer
;;16;;;4.3;No;Next Day Air;No;No;Venmo
;;9;;;4.9;No;2-Day Shipping;No;No;Venmo
;;12;;;3.9;No;2-Day Shipping;No;No;Credit Card
;;20;;;3.4;No;Free Shipping;No;No;Debit Card
;;8;;;4.2;No;Store Pickup;No;No;Credit Card
;;3;;;4.7;No;Express;No;No;Cash
;;16;;;4;No;Next Day Air;No;No;Debit Card
;;19;;;4;No;Free Shipping;No;No;PayPal
;;13;;;3.1;No;Next Day Air;No;No;Debit Card
;;5;;;4.2;No;Standard;No;No;PayPal
;;3;;;3.7;No;Next Day Air;No;No;Bank Transfer
;;1;;;3.1;No;Express;No;No;Bank Transfer
;;13;;;3.7;No;Store Pickup;No;No;Venmo
;;5;;;3.2;No;Store Pickup;No;No;Cash
;;7;;;2.8;No;Standard;No;No;Cash
;;4;;;2.9;No;Free Shipping;No;No;Credit Card
;;15;;;3.5;No;Standard;No;No;Bank Transfer
;;2;;;3.8;No;Express;No;No;PayPal
;;15;;;4.7;No;Free Shipping;No;No;Cash
;;10;;;4.5;No;Free Shipping;No;No;PayPal
;;3;;;3.9;No;Next Day Air;No;No;Bank Transfer
;;12;;;3.4;No;Express;No;No;PayPal
;;17;;;4.6;No;2-Day Shipping;No;No;Cash
;;9;;;4.6;No;Standard;No;No;Credit Card
;;17;;;4.7;No;Standard;No;No;Venmo
;;6;;;3.2;No;Express;No;No;Cash
;;10;;;5;No;Express;No;No;Debit Card
;;19;;;4.5;No;Express;No;No;Venmo
;;6;;;3.5;No;Standard;No;No;Credit Card
;;13;;;4.5;No;Store Pickup;No;No;Venmo
;;14;;;3.2;No;Express;No;No;Credit Card
;;14;;;4.6;No;Free Shipping;No;No;Bank Transfer
;;4;;;4;No;Next Day Air;No;No;PayPal
;;11;;;4.2;No;Express;No;No;Venmo
;;17;;;4.1;No;Standard;No;No;PayPal
;;3;;;3.6;No;2-Day Shipping;No;No;Cash
;;16;;;3.7;No;2-Day Shipping;No;No;Debit Card
;;8;;;3.6;No;Free Shipping;No;No;Bank Transfer
;;2;;;3.8;No;Standard;No;No;Credit Card
;;20;;;3;No;Standard;No;No;Debit Card
;;7;;;3.4;No;2-Day Shipping;No;No;Bank Transfer
;;12;;;4.8;No;Standard;No;No;Cash
;;6;;;2.6;No;Store Pickup;No;No;Venmo
;;4;;;2.9;No;Next Day Air;No;No;PayPal
;;14;;;4.9;No;Free Shipping;No;No;Bank Transfer
;;19;;;5;No;Free Shipping;No;No;Credit Card
;;10;;;4.6;No;Next Day Air;No;No;Cash
;;15;;;4.2;No;Express;No;No;Cash
;;20;;;4.9;No;Next Day Air;No;No;PayPal
;;15;;;4.8;No;Standard;No;No;Venmo
;;13;;;3;No;Next Day Air;No;No;Venmo
;;19;;;3.5;No;Express;No;No;Credit Card
;;2;;;3.4;No;Standard;No;No;Credit Card
;;2;;;3.4;No;Free Shipping;No;No;Bank Transfer
;;13;;;4.9;No;Standard;No;No;Credit Card
;;14;;;4.4;No;Free Shipping;No;No;Venmo
;;5;;;4.2;No;Store Pickup;No;No;PayPal
;;15;;;3.1;No;Next Day Air;No;No;Venmo
;;9;;;4;No;Next Day Air;No;No;Credit Card
;;7;;;4.8;No;Next Day Air;No;No;PayPal
;;4;;;3.3;No;Express;No;No;Bank Transfer
;;3;;;4.7;No;Standard;No;No;Debit Card
;;4;;;3.2;No;Standard;No;No;Bank Transfer
;;19;;;5;No;Standard;No;No;Credit Card
;;11;;;4.9;No;Free Shipping;No;No;PayPal
;;7;;;4.9;No;Express;No;No;Bank Transfer
;;18;;;3.7;No;Express;No;No;Venmo
;;10;;;3;No;Express;No;No;Venmo
;;7;;;2.6;No;Standard;No;No;Bank Transfer
;;4;;;2.6;No;Standard;No;No;Bank Transfer
;;1;;;4.8;No;Standard;No;No;Credit Card
;;1;;;3.2;No;2-Day Shipping;No;No;Cash
;;18;;;4.9;No;Next Day Air;No;No;Credit Card
;;13;;;3.4;No;2-Day Shipping;No;No;PayPal
;;17;;;2.7;No;Store Pickup;No;No;Credit Card
;;16;;;4.8;No;Express;No;No;Debit Card
;;14;;;4.1;No;Standard;No;No;Venmo
;;15;;;4.6;No;Store Pickup;No;No;PayPal
;;3;;;4.4;No;Standard;No;No;Debit Card
;;2;;;3.5;No;2-Day Shipping;No;No;Cash
;;18;;;4.8;No;Next Day Air;No;No;Cash
;;4;;;2.9;No;2-Day Shipping;No;No;Venmo
;;3;;;3.2;No;2-Day Shipping;No;No;Bank Transfer
;;17;;;4.4;No;2-Day Shipping;No;No;Venmo
;;1;;;4.6;No;Next Day Air;No;No;PayPal
;;1;;;2.6;No;2-Day Shipping;No;No;Venmo
;;9;;;3.1;No;Store Pickup;No;No;PayPal
;;17;;;4.3;No;Standard;No;No;Cash
;;5;;;3.1;No;Standard;No;No;Bank Transfer
;;3;;;4.6;No;Store Pickup;No;No;Bank Transfer
;;3;;;4.6;No;Express;No;No;Cash
;;11;;;2.7;No;Free Shipping;No;No;Cash
;;3;;;3;No;Next Day Air;No;No;PayPal
;;4;;;3.3;No;Store Pickup;No;No;Debit Card
;;13;;;2.7;No;Free Shipping;No;No;Cash
;;2;;;3.3;No;Standard;No;No;Debit Card
;;6;;;4.3;No;Store Pickup;No;No;Bank Transfer
;;14;;;4.8;No;Express;No;No;Venmo
;;18;;;3.3;No;Standard;No;No;Venmo
;;14;;;4.3;No;Next Day Air;No;No;Cash
;;17;;;3;No;2-Day Shipping;No;No;Debit Card
;;3;;;4.8;No;2-Day Shipping;No;No;Bank Transfer
;;5;;;2.9;No;Standard;No;No;Credit Card
;;16;;;3.6;No;Standard;No;No;Cash
;;11;;;3.5;No;Store Pickup;No;No;Venmo
;;1;;;4.7;No;2-Day Shipping;No;No;Bank Transfer
;;20;;;4.4;No;Free Shipping;No;No;Credit Card
;;20;;;3.3;No;Store Pickup;No;No;Debit Card
;;3;;;4.3;No;Express;No;No;Debit Card
;;13;;;4;No;2-Day Shipping;No;No;PayPal
;;5;;;4.9;No;2-Day Shipping;No;No;Venmo
;;8;;;2.9;No;Express;No;No;Credit Card
;;17;;;4;No;2-Day Shipping;No;No;Cash
;;4;;;4.3;No;Store Pickup;No;No;Credit Card
;;8;;;2.7;No;2-Day Shipping;No;No;PayPal
;;12;;;5;No;Store Pickup;No;No;Bank Transfer
;;1;;;4.4;No;Express;No;No;PayPal
;;12;;;3.5;No;Express;No;No;Venmo
;;13;;;3.3;No;Next Day Air;No;No;Cash
;;18;;;3.8;No;Free Shipping;No;No;Credit Card
;;8;;;4.5;No;Standard;No;No;Debit Card
;;7;;;4.8;No;Store Pickup;No;No;Cash
;;10;;;2.9;No;Store Pickup;No;No;Credit Card
;;3;;;3.2;No;Express;No;No;Debit Card
;;20;;;2.8;No;Free Shipping;No;No;Bank Transfer
;;15;;;3.3;No;Standard;No;No;PayPal
;;17;;;3.3;No;Free Shipping;No;No;Credit Card
;;14;;;4.2;No;2-Day Shipping;No;No;Cash
;;2;;;3.6;No;Express;No;No;Credit Card
;;20;;;4.6;No;Express;No;No;PayPal
;;11;;;3.6;No;2-Day Shipping;No;No;Venmo
;;8;;;4;No;Next Day Air;No;No;PayPal
;;9;;;2.7;No;Free Shipping;No;No;Bank Transfer
;;7;;;4.4;No;Store Pickup;No;No;PayPal
;;11;;;3.2;No;Standard;No;No;Debit Card
;;11;;;2.6;No;Next Day Air;No;No;Venmo
;;7;;;3.4;No;Free Shipping;No;No;Credit Card
;;17;;;5;No;2-Day Shipping;No;No;Debit Card
;;6;;;2.9;No;Store Pickup;No;No;Bank Transfer
;;1;;;5;No;Free Shipping;No;No;Cash
;;18;;;4.4;No;Standard;No;No;Credit Card
;;16;;;3.5;No;2-Day Shipping;No;No;PayPal
;;6;;;3.8;No;Express;No;No;Venmo
;;3;;;3.8;No;Store Pickup;No;No;Debit Card
;;5;;;3.9;No;Next Day Air;No;No;Credit Card
;;16;;;3.3;No;Next Day Air;No;No;Credit Card
;;6;;;2.9;No;Next Day Air;No;No;Credit Card
;;4;;;3.7;No;2-Day Shipping;No;No;Credit Card
;;11;;;3.7;No;Express;No;No;Debit Card
;;10;;;4.6;No;Standard;No;No;PayPal
;;16;;;4.9;No;Store Pickup;No;No;Bank Transfer
;;9;;;3.1;No;2-Day Shipping;No;No;Bank Transfer
;;7;;;3.5;No;Next Day Air;No;No;Credit Card
;;9;;;4.9;No;Next Day Air;No;No;Debit Card
;;3;;;4.4;No;Express;No;No;Credit Card
;;19;;;4.4;No;Store Pickup;No;No;Debit Card
;;19;;;3.4;No;Next Day Air;No;No;Credit Card
;;13;;;3;No;2-Day Shipping;No;No;Cash
;;12;;;2.6;No;Next Day Air;No;No;Venmo
;;5;;;3.2;No;Store Pickup;No;No;Venmo
;;15;;;4.6;No;Store Pickup;No;No;PayPal
;;17;;;3.8;No;Free Shipping;No;No;PayPal
;;13;;;4.8;No;2-Day Shipping;No;No;Venmo
;;10;;;4.5;No;Free Shipping;No;No;PayPal
;;15;;;4.2;No;2-Day Shipping;No;No;Bank Transfer
;;9;;;2.7;No;2-Day Shipping;No;No;Venmo
;;17;;;4.5;No;Express;No;No;Bank Transfer
;;20;;;4.9;No;Free Shipping;No;No;PayPal
;;15;;;2.8;No;Standard;No;No;Cash
;;6;;;3.5;No;Standard;No;No;Bank Transfer
;;17;;;2.5;No;Store Pickup;No;No;Cash
;;3;;;2.9;No;Standard;No;No;Debit Card
;;10;;;4.2;No;Next Day Air;No;No;Debit Card
;;18;;;4.6;No;Store Pickup;No;No;Venmo
;;19;;;3;No;Free Shipping;No;No;Venmo
;;15;;;4.4;No;Free Shipping;No;No;Credit Card
;;5;;;2.6;No;Standard;No;No;Cash
;;10;;;4.8;No;Free Shipping;No;No;Cash
;;15;;;2.9;No;Next Day Air;No;No;Bank Transfer
;;11;;;3;No;Next Day Air;No;No;Cash
;;9;;;4.5;No;Standard;No;No;Bank Transfer
;;11;;;3.7;No;Store Pickup;No;No;Bank Transfer
;;12;;;4.8;No;Next Day Air;No;No;PayPal
;;5;;;4.8;No;Free Shipping;No;No;Cash
;;1;;;4.7;No;2-Day Shipping;No;No;Venmo
;;15;;;2.6;No;Express;No;No;PayPal
;;6;;;4.6;No;Standard;No;No;Bank Transfer
;;9;;;3.4;No;Next Day Air;No;No;Bank Transfer
;;20;;;3;No;Standard;No;No;Cash
;;14;;;4;No;2-Day Shipping;No;No;Venmo
;;19;;;2.6;No;Store Pickup;No;No;Bank Transfer
;;4;;;3.4;No;Store Pickup;No;No;Bank Transfer
;;13;;;4.5;No;Store Pickup;No;No;Cash
;;1;;;2.7;No;Store Pickup;No;No;Venmo
;;11;;;2.9;No;Standard;No;No;PayPal
;;7;;;4;No;Store Pickup;No;No;Credit Card
;;12;;;3.2;No;Free Shipping;No;No;Debit Card
;;4;;;4;No;Store Pickup;No;No;Cash
;;14;;;3.4;No;2-Day Shipping;No;No;Venmo
;;17;;;4.9;No;Express;No;No;PayPal
;;16;;;3.6;No;Free Shipping;No;No;PayPal
;;11;;;3.6;No;2-Day Shipping;No;No;Bank Transfer
;;15;;;3.2;No;Free Shipping;No;No;Cash
;;3;;;3.7;No;2-Day Shipping;No;No;PayPal
;;19;;;2.6;No;Express;No;No;Debit Card
;;15;;;3.9;No;Express;No;No;Credit Card
;;13;;;3.4;No;Free Shipping;No;No;Bank Transfer
;;19;;;3.4;No;Next Day Air;No;No;Debit Card
;;8;;;4.2;No;Express;No;No;Bank Transfer
;;12;;;2.9;No;Standard;No;No;Bank Transfer
;;15;;;4.1;No;Free Shipping;No;No;Bank Transfer
;;4;;;3.6;No;Free Shipping;No;No;Credit Card
;;12;;;4;No;Next Day Air;No;No;Cash
;;16;;;4;No;Standard;No;No;Credit Card
;;6;;;3.6;No;Free Shipping;No;No;Debit Card
;;7;;;3.1;No;Express;No;No;Bank Transfer
;;13;;;4.4;No;Next Day Air;No;No;PayPal
;;9;;;4.3;No;Next Day Air;No;No;Debit Card
;;20;;;3.5;No;Next Day Air;No;No;Debit Card
;;4;;;3;No;Standard;No;No;Debit Card
;;11;;;4.7;No;2-Day Shipping;No;No;Cash
;;11;;;2.5;No;2-Day Shipping;No;No;Credit Card
;;6;;;3.1;No;2-Day Shipping;No;No;PayPal
;;13;;;3.3;No;Free Shipping;No;No;PayPal
;;20;;;4.7;No;Next Day Air;No;No;Debit Card
;;7;;;3.4;No;Next Day Air;No;No;Debit Card
;;18;;;3.1;No;2-Day Shipping;No;No;PayPal
;;13;;;4.6;No;Store Pickup;No;No;PayPal
;;1;;;4.9;No;Free Shipping;No;No;PayPal
;;2;;;2.7;No;Free Shipping;No;No;Cash
;;11;;;4.2;No;Free Shipping;No;No;Credit Card
;;20;;;2.6;No;Store Pickup;No;No;Debit Card
;;18;;;3.2;No;2-Day Shipping;No;No;Debit Card
;;11;;;4.4;No;Standard;No;No;Credit Card
;;10;;;3.6;No;Free Shipping;No;No;Debit Card
;;6;;;2.7;No;Next Day Air;No;No;Bank Transfer
;;13;;;4.3;No;Express;No;No;Debit Card
;;18;;;2.6;No;Next Day Air;No;No;PayPal
;;18;;;4.3;No;Store Pickup;No;No;Bank Transfer
;;2;;;3.9;No;2-Day Shipping;No;No;Venmo
;;4;;;2.9;No;2-Day Shipping;No;No;Venmo
;;5;;;3.1;No;Free Shipping;No;No;PayPal
;;15;;;4.2;No;Free Shipping;No;No;Credit Card
;;1;;;4.1;No;2-Day Shipping;No;No;Venmo
;;1;;;4.2;No;Next Day Air;No;No;Bank Transfer
;;12;;;4.4;No;Express;No;No;Cash
;;2;;;3.4;No;Free Shipping;No;No;Credit Card
;;4;;;4.8;No;Express;No;No;Debit Card
;;2;;;4.5;No;2-Day Shipping;No;No;Cash
;;1;;;2.7;No;Store Pickup;No;No;Bank Transfer
;;18;;;3.5;No;Store Pickup;No;No;Venmo
;;15;;;3.1;No;Next Day Air;No;No;PayPal
;;13;;;2.8;No;Next Day Air;No;No;Venmo
;;8;;;2.9;No;Store Pickup;No;No;PayPal
;;14;;;4.5;No;Standard;No;No;Cash
;;13;;;3.5;No;Next Day Air;No;No;Venmo
;;16;;;4.3;No;Standard;No;No;Bank Transfer
;;14;;;4.9;No;Next Day Air;No;No;Debit Card
;;14;;;3.1;No;Free Shipping;No;No;Bank Transfer
;;5;;;4;No;Free Shipping;No;No;Bank Transfer
;;11;;;3.6;No;Standard;No;No;Venmo
;;13;;;4;No;Store Pickup;No;No;Bank Transfer
;;17;;;2.6;No;Express;No;No;Venmo
;;19;;;3.1;No;Next Day Air;No;No;Cash
;;11;;;3.5;No;Store Pickup;No;No;Cash
;;15;;;3.9;No;Standard;No;No;PayPal
;;2;;;2.7;No;2-Day Shipping;No;No;Cash
;;11;;;4.1;No;Standard;No;No;Credit Card
;;8;;;4.3;No;Express;No;No;Cash
;;10;;;2.9;No;Free Shipping;No;No;Debit Card
;;6;;;4;No;Express;No;No;PayPal
;;19;;;4.1;No;Free Shipping;No;No;Venmo
;;17;;;3.7;No;Standard;No;No;PayPal
;;20;;;2.8;No;Free Shipping;No;No;PayPal
;;16;;;3.2;No;Free Shipping;No;No;Debit Card
;;1;;;4.5;No;Next Day Air;No;No;Venmo
;;16;;;3.8;No;Standard;No;No;Cash
;;10;;;3.6;No;2-Day Shipping;No;No;Venmo
;;17;;;3.6;No;2-Day Shipping;No;No;PayPal
;;5;;;3.2;No;Next Day Air;No;No;Debit Card
;;4;;;3.8;No;Express;No;No;Bank Transfer
;;10;;;4.4;No;Standard;No;No;Credit Card
;;4;;;3.7;No;Store Pickup;No;No;Venmo
;;13;;;2.6;No;Express;No;No;PayPal
;;13;;;4;No;Standard;No;No;Bank Transfer
;;14;;;3.6;No;2-Day Shipping;No;No;Venmo
;;2;;;2.5;No;Express;No;No;Cash
;;1;;;3.2;No;Free Shipping;No;No;Bank Transfer
;;16;;;2.5;No;Next Day Air;No;No;Cash
;;10;;;3.2;No;Next Day Air;No;No;Credit Card
;;8;;;2.6;No;Store Pickup;No;No;Credit Card
;;8;;;4.8;No;Next Day Air;No;No;Venmo
;;9;;;5;No;Store Pickup;No;No;PayPal
;;17;;;3.2;No;2-Day Shipping;No;No;Bank Transfer
;;17;;;3.6;No;Standard;No;No;Debit Card
;;6;;;2.7;No;2-Day Shipping;No;No;Cash
;;20;;;3.1;No;Standard;No;No;Credit Card
;;1;;;3;No;Standard;No;No;PayPal
;;6;;;2.9;No;Next Day Air;No;No;PayPal
;;6;;;4.7;No;Express;No;No;Debit Card
;;11;;;3.7;No;Standard;No;No;Credit Card
;;1;;;3.9;No;Free Shipping;No;No;Venmo
;;1;;;4;No;Standard;No;No;Cash
;;12;;;2.8;No;Next Day Air;No;No;Bank Transfer
;;6;;;4.1;No;Express;No;No;Venmo
;;20;;;4.2;No;Free Shipping;No;No;Bank Transfer
;;4;;;4.3;No;Express;No;No;Venmo
;;15;;;4.3;No;Store Pickup;No;No;Credit Card
;;16;;;2.6;No;Express;No;No;PayPal
;;9;;;3.8;No;Free Shipping;No;No;Cash
;;20;;;2.9;No;Express;No;No;Cash
;;19;;;5;No;Standard;No;No;Debit Card
;;14;;;4.6;No;Free Shipping;No;No;Credit Card
;;5;;;3.2;No;Free Shipping;No;No;PayPal
;;11;;;3;No;Standard;No;No;Bank Transfer
;;7;;;4;No;Free Shipping;No;No;Credit Card
;;17;;;4.1;No;Express;No;No;Debit Card
;;1;;;4;No;Express;No;No;Bank Transfer
;;9;;;4.1;No;Standard;No;No;Cash
;;19;;;3.4;No;Free Shipping;No;No;Cash
;;6;;;2.9;No;Free Shipping;No;No;Debit Card
;;18;;;3;No;2-Day Shipping;No;No;Bank Transfer
;;4;;;4;No;Next Day Air;No;No;Debit Card
;;9;;;4.8;No;2-Day Shipping;No;No;Cash
;;13;;;4.6;No;Free Shipping;No;No;PayPal
;;12;;;4.1;No;2-Day Shipping;No;No;Cash
;;16;;;2.6;No;Express;No;No;PayPal
;;8;;;2.5;No;Free Shipping;No;No;PayPal
;;15;;;4.8;No;Free Shipping;No;No;Bank Transfer
;;5;;;4.2;No;Express;No;No;Venmo
;;13;;;3.9;No;Free Shipping;No;No;Venmo
;;14;;;3.7;No;Express;No;No;Venmo
;;17;;;4.2;No;2-Day Shipping;No;No;Bank Transfer
;;6;;;4.2;No;Next Day Air;No;No;Debit Card
;;10;;;4;No;Free Shipping;No;No;Venmo
;;4;;;5;No;Next Day Air;No;No;Venmo
;;19;;;4.9;No;Standard;No;No;Venmo
;;2;;;4;No;Express;No;No;PayPal
;;2;;;3.2;No;2-Day Shipping;No;No;PayPal
;;7;;;3;No;Next Day Air;No;No;Cash
;;9;;;2.6;No;Express;No;No;PayPal
;;3;;;4.4;No;2-Day Shipping;No;No;Debit Card
;;16;;;3.9;No;Free Shipping;No;No;Debit Card
;;13;;;4;No;2-Day Shipping;No;No;PayPal
;;12;;;4;No;Store Pickup;No;No;Debit Card
;;3;;;4.2;No;Free Shipping;No;No;Venmo
;;17;;;4.4;No;Next Day Air;No;No;Cash
;;15;;;2.5;No;Free Shipping;No;No;Debit Card
;;12;;;3.1;No;Store Pickup;No;No;Credit Card
;;3;;;3.5;No;Store Pickup;No;No;Credit Card
;;14;;;3;No;2-Day Shipping;No;No;Bank Transfer
;;19;;;4.4;No;Next Day Air;No;No;Cash
;;6;;;4.9;No;Standard;No;No;Credit Card
;;17;;;2.8;No;Next Day Air;No;No;Venmo
;;17;;;3.3;No;Free Shipping;No;No;Cash
;;9;;;4.9;No;Express;No;No;Debit Card
;;12;;;4.2;No;Store Pickup;No;No;Cash
;;16;;;3.3;No;2-Day Shipping;No;No;Credit Card
;;12;;;2.7;No;Standard;No;No;Credit Card
;;8;;;3.3;No;2-Day Shipping;No;No;Cash
;;14;;;3.8;No;Free Shipping;No;No;Bank Transfer
;;5;;;3.2;No;Next Day Air;No;No;Cash
;;14;;;4.1;No;2-Day Shipping;No;No;Bank Transfer
;;4;;;4.3;No;Standard;No;No;Cash
;;13;;;4;No;Standard;No;No;Credit Card
;;7;;;3.9;No;2-Day Shipping;No;No;Credit Card
;;1;;;3.3;No;2-Day Shipping;No;No;Credit Card
;;19;;;2.6;No;2-Day Shipping;No;No;Cash
;;19;;;4.2;No;Next Day Air;No;No;Debit Card
;;8;;;3.4;No;2-Day Shipping;No;No;Credit Card
;;16;;;4.1;No;Free Shipping;No;No;Debit Card
;;11;;;3.9;No;Free Shipping;No;No;PayPal
;;15;;;2.8;No;2-Day Shipping;No;No;Debit Card
;;2;;;2.6;No;Free Shipping;No;No;Cash
;;10;;;4;No;Next Day Air;No;No;Cash
;;8;;;4.9;No;Express;No;No;PayPal
;;8;;;3.2;No;Free Shipping;No;No;Cash
;;13;;;3.9;No;Express;No;No;Debit Card
;;15;;;2.7;No;Express;No;No;Credit Card
;;19;;;3.4;No;Standard;No;No;Venmo
;;13;;;3.5;No;Express;No;No;Bank Transfer
;;6;;;2.6;No;Standard;No;No;Debit Card
;;7;;;4.7;No;Free Shipping;No;No;Bank Transfer
;;15;;;3.5;No;Standard;No;No;PayPal
;;1;;;3.3;No;Store Pickup;No;No;Bank Transfer
;;14;;;3.9;No;2-Day Shipping;No;No;Credit Card
;;12;;;4.2;No;2-Day Shipping;No;No;Venmo
;;18;;;4.5;No;Store Pickup;No;No;Bank Transfer
;;10;;;2.9;No;Standard;No;No;Venmo
;;18;;;3.8;No;Express;No;No;Venmo
;;19;;;3.1;No;Store Pickup;No;No;Venmo
